BGC0000985.json,/Comments;/general_params/publications
BGC0000840.json,/general_params/Other/biosyn_class[]
BGC0000842.json,/general_params/Other/biosyn_class[]
BGC0000844.json,/general_params/Other/biosyn_class[]
BGC0000846.json,/general_params/Other/biosyn_class[]
BGC0000848.json,/general_params/Other/biosyn_class[]
BGC0000850.json,/general_params/Other/biosyn_class[]
BGC0000851.json,/general_params/Other/biosyn_class[]
BGC0000852.json,/general_params/Other/biosyn_class[]
BGC0000853.json,/general_params/Other/biosyn_class[]
BGC0000854.json,/general_params/Other/biosyn_class[]
BGC0000855.json,/general_params/Other/biosyn_class[]
BGC0000856.json,/general_params/Other/biosyn_class[]
BGC0000857.json,/general_params/Other/biosyn_class[]
BGC0000858.json,/general_params/Other/biosyn_class[]
BGC0000859.json,/general_params/Other/biosyn_class[]
BGC0000860.json,/general_params/Other/biosyn_class[]
BGC0000861.json,/general_params/Other/biosyn_class[]
BGC0000862.json,/general_params/Other/biosyn_class[]
BGC0000863.json,/general_params/Other/biosyn_class[]
BGC0000864.json,/general_params/Other/biosyn_class[]
BGC0000865.json,/general_params/Other/biosyn_class[]
BGC0000866.json,/general_params/Other/biosyn_class[]
BGC0000867.json,/general_params/Other/biosyn_class[]
BGC0000868.json,/general_params/Other/biosyn_class[]
BGC0000869.json,/general_params/Other/biosyn_class[]
BGC0000870.json,/general_params/Other/biosyn_class[]
BGC0000872.json,/general_params/Other/biosyn_class[]
BGC0000873.json,/general_params/Other/biosyn_class[]
BGC0000874.json,/general_params/Other/biosyn_class[]
BGC0000876.json,/general_params/Other/biosyn_class[]
BGC0000877.json,/general_params/Other/biosyn_class[]
BGC0000878.json,/general_params/Other/biosyn_class[]
BGC0000879.json,/general_params/Other/biosyn_class[]
BGC0000881.json,/general_params/Other/biosyn_class[]
BGC0000882.json,/general_params/Other/biosyn_class[]
BGC0000883.json,/general_params/Other/biosyn_class[]
BGC0000884.json,/general_params/Other/biosyn_class[]
BGC0000885.json,/general_params/Other/biosyn_class[]
BGC0000886.json,/general_params/Other/biosyn_class[]
BGC0000888.json,/general_params/Other/biosyn_class[]
BGC0000889.json,/general_params/Other/biosyn_class[]
BGC0000894.json,/general_params/Other/biosyn_class[]
BGC0000895.json,/general_params/Other/biosyn_class[]
BGC0000896.json,/general_params/Other/biosyn_class[]
BGC0000897.json,/general_params/Other/biosyn_class[]
BGC0000899.json,/general_params/Other/biosyn_class[]
BGC0000900.json,/general_params/Other/biosyn_class[]
BGC0000901.json,/general_params/Other/biosyn_class[]
BGC0000902.json,/general_params/Other/biosyn_class[]
BGC0000903.json,/general_params/Other/biosyn_class[]
BGC0000904.json,/general_params/Other/biosyn_class[]
BGC0000905.json,/general_params/Other/biosyn_class[]
BGC0000906.json,/general_params/Other/biosyn_class[]
BGC0000907.json,/general_params/Other/biosyn_class[]
BGC0000908.json,/general_params/Other/biosyn_class[]
BGC0000909.json,/general_params/Other/biosyn_class[]
BGC0000910.json,/general_params/Other/biosyn_class[]
BGC0000911.json,/general_params/Other/biosyn_class[]
BGC0000912.json,/general_params/Other/biosyn_class[]
BGC0000913.json,/general_params/Other/biosyn_class[]
BGC0000914.json,/general_params/Other/biosyn_class[]
BGC0000916.json,/general_params/Other/biosyn_class[]
BGC0000917.json,/general_params/Other/biosyn_class[]
BGC0000918.json,/general_params/Other/biosyn_class[]
BGC0000919.json,/general_params/Other/biosyn_class[]
BGC0000920.json,/general_params/Other/biosyn_class[]
BGC0000922.json,/general_params/Other/biosyn_class[]
BGC0000923.json,/general_params/Other/biosyn_class[]
BGC0000924.json,/general_params/Other/biosyn_class[]
BGC0000925.json,/general_params/Other/biosyn_class[]
BGC0000926.json,/general_params/Other/biosyn_class[]
BGC0000927.json,/general_params/Other/biosyn_class[]
BGC0000928.json,/general_params/Other/biosyn_class[]
BGC0000929.json,/general_params/Other/biosyn_class[]
BGC0000930.json,/general_params/Other/biosyn_class[]
BGC0000931.json,/general_params/Other/biosyn_class[]
BGC0000932.json,/general_params/Other/biosyn_class[]
BGC0000933.json,/general_params/Other/biosyn_class[]
BGC0000936.json,/general_params/Other/biosyn_class[]
BGC0000937.json,/general_params/Other/biosyn_class[]
BGC0000939.json,/general_params/Other/biosyn_class[]
BGC0000941.json,/general_params/Other/biosyn_class[]
BGC0000943.json,/general_params/Other/biosyn_class[]
BGC0000945.json,/general_params/Other/biosyn_class[]
BGC0000946.json,/general_params/Other/biosyn_class[]
BGC0000947.json,/general_params/Other/biosyn_class[]
BGC0001191.json,/general_params/Other/biosyn_class[]
BGC0001206.json,/general_params/Other/biosyn_class[]
BGC0001217.json,/general_params/Other/biosyn_class[]
BGC0001223.json,/general_params/Other/biosyn_class[]
BGC0001224.json,/general_params/Other/biosyn_class[]
BGC0001238.json,/general_params/Other/biosyn_class[]
BGC0001239.json,/general_params/Other/biosyn_class[]
BGC0001256.json,/general_params/Other/biosyn_class[]
BGC0001274.json,/general_params/Other/biosyn_class[]
BGC0001282.json,/general_params/Other/biosyn_class[]
BGC0001286.json,/general_params/Other/biosyn_class[]
BGC0001292.json,/general_params/Other/biosyn_class[]
BGC0001294.json,/general_params/Other/biosyn_class[]
BGC0001295.json,/general_params/Other/biosyn_class[]
BGC0001302.json,/general_params/Other/biosyn_class[]
BGC0001316.json,/general_params/Other/biosyn_class[]
BGC0001318.json,/general_params/Other/biosyn_class[]
BGC0001362.json,/general_params/Other/biosyn_class[]
BGC0001374.json,/general_params/Other/biosyn_class[]
BGC0001387.json,/general_params/Other/biosyn_class[]
BGC0001395.json,/general_params/Other/biosyn_class[]
BGC0001408.json,/general_params/Other/biosyn_class[]
BGC0001444.json,/general_params/Other/biosyn_class[]
BGC0001453.json,/general_params/Other/biosyn_class[]
BGC0001454.json,/general_params/Other/biosyn_class[]
BGC0001458.json,/general_params/Other/biosyn_class[]
BGC0001464.json,/general_params/Other/biosyn_class[]
BGC0001465.json,/general_params/Other/biosyn_class[]
BGC0001483.json,/general_params/Other/biosyn_class[]
BGC0001485.json,/general_params/Other/biosyn_class[]
BGC0001487.json,/general_params/Other/biosyn_class[]
BGC0001488.json,/general_params/Other/biosyn_class[]
BGC0001490.json,/general_params/Other/biosyn_class[]
BGC0001510.json,/general_params/Other/biosyn_class[]
BGC0001525.json,/general_params/Other/biosyn_class[]
BGC0001526.json,/general_params/Other/biosyn_class[]
BGC0001534.json,/general_params/Other/biosyn_class[]
BGC0001535.json,/general_params/Other/biosyn_class[]
BGC0001540.json,/general_params/Other/biosyn_class[]
BGC0001554.json,/general_params/Other/biosyn_class[]
BGC0001587.json,/general_params/Other/biosyn_class[]
BGC0001591.json,/general_params/Other/biosyn_class[]
BGC0001592.json,/general_params/Other/biosyn_class[]
BGC0001607.json,/general_params/Other/biosyn_class[]
BGC0001624.json,/general_params/Other/biosyn_class[]
BGC0001633.json,/general_params/Other/biosyn_class[]
BGC0001651.json,/general_params/Other/biosyn_class[]
BGC0001678.json,/general_params/Other/biosyn_class[]
BGC0001680.json,/general_params/Other/biosyn_class[]
BGC0001681.json,/general_params/Other/biosyn_class[]
BGC0001682.json,/general_params/Other/biosyn_class[]
BGC0001683.json,/general_params/Other/biosyn_class[]
BGC0001684.json,/general_params/Other/biosyn_class[]
BGC0001685.json,/general_params/Other/biosyn_class[]
BGC0001687.json,/general_params/Other/biosyn_class[]
BGC0001688.json,/general_params/Other/biosyn_class[]
BGC0001691.json,/general_params/Other/biosyn_class[]
BGC0001703.json,/general_params/Other/biosyn_class[]
BGC0001704.json,/general_params/Other/biosyn_class[]
BGC0001712.json,/general_params/Other/biosyn_class[]
BGC0001731.json,/general_params/Other/biosyn_class[]
BGC0001732.json,/general_params/Other/biosyn_class[]
BGC0001747.json,/general_params/Other/biosyn_class[]
BGC0001757.json,/general_params/Other/biosyn_class[]
BGC0001782.json,/general_params/Other/biosyn_class[]
BGC0001783.json,/general_params/Other/biosyn_class[]
BGC0001809.json,/general_params/Other/biosyn_class[]
BGC0001817.json,/general_params/Other/biosyn_class[]
BGC0000151.json,/general_params/Polyketide/Saccharide/gt_genes[];/general_params/Polyketide/Saccharide/gt_genes[]/gt_gene;/general_params/Polyketide/Saccharide/gt_genes[]/gt_specificity;/general_params/Polyketide/Saccharide/saccharide_subclass;/general_params/compounds[]/chem_target;/general_params/publications
BGC0000194.json,/general_params/Polyketide/cyclases;/general_params/publications
BGC0000195.json,/general_params/Polyketide/cyclases;/general_params/publications
BGC0000196.json,/general_params/Polyketide/cyclases;/general_params/publications
BGC0000197.json,/general_params/Polyketide/cyclases;/general_params/compounds[]/chem_target;/general_params/publications
BGC0000198.json,/general_params/Polyketide/cyclases;/general_params/publications
BGC0000199.json,/general_params/Polyketide/cyclases;/general_params/compounds[]/chem_target;/general_params/publications
BGC0000200.json,/general_params/Polyketide/cyclases;/general_params/publications
BGC0000201.json,/general_params/Polyketide/cyclases;/general_params/publications
BGC0000204.json,/general_params/Polyketide/cyclases;/general_params/compounds[]/chem_target;/general_params/publications
BGC0000206.json,/general_params/Polyketide/cyclases;/general_params/compounds[]/chem_target;/general_params/publications
BGC0000210.json,/general_params/Polyketide/cyclases;/general_params/compounds[]/chem_target;/general_params/publications
BGC0000212.json,/general_params/Polyketide/cyclases;/general_params/compounds[]/chem_target;/general_params/publications
BGC0000219.json,/general_params/Polyketide/cyclases;/general_params/compounds[]/chem_target;/general_params/publications
BGC0000220.json,/general_params/Polyketide/cyclases;/general_params/Polyketide/pks_genes;/general_params/publications
BGC0000223.json,/general_params/Polyketide/cyclases;/general_params/publications
BGC0000224.json,/general_params/Polyketide/cyclases;/general_params/publications
BGC0000229.json,/general_params/Polyketide/cyclases;/general_params/compounds[]/chem_target;/general_params/publications
BGC0000230.json,/general_params/Polyketide/cyclases;/general_params/compounds[]/chem_target;/general_params/genes/gene[]/evidence_genefunction[][];/general_params/genes/gene[]/evidence_genefunction[][][];/general_params/genes/gene[]/evidence_genefunction[][][][];/general_params/genes/gene[]/evidence_genefunction[][][][][];/general_params/genes/gene[]/evidence_genefunction[][][][][][];/general_params/publications
BGC0000239.json,/general_params/Polyketide/cyclases;/general_params/compounds[]/chem_target;/general_params/publications
BGC0000240.json,/general_params/Polyketide/cyclases;/general_params/compounds[]/chem_target;/general_params/publications
BGC0000241.json,/general_params/Polyketide/cyclases;/general_params/compounds[]/chem_target;/general_params/publications
BGC0000247.json,/general_params/Polyketide/cyclases;/general_params/compounds[]/chem_target;/general_params/publications
BGC0000250.json,/general_params/Polyketide/cyclases;/general_params/compounds[]/chem_target;/general_params/publications
BGC0000253.json,/general_params/Polyketide/cyclases;/general_params/compounds[]/chem_target;/general_params/publications
BGC0000262.json,/general_params/Polyketide/cyclases;/general_params/publications
BGC0000264.json,/general_params/Polyketide/cyclases;/general_params/compounds[]/chem_target;/general_params/publications
BGC0000267.json,/general_params/Polyketide/cyclases;/general_params/publications
BGC0000269.json,/general_params/Polyketide/cyclases;/general_params/Saccharide/gt_genes[]/sugar_subcluster;/general_params/publications
BGC0000273.json,/general_params/Polyketide/cyclases;/general_params/compounds[]/chem_target;/general_params/publications
BGC0000274.json,/general_params/Polyketide/cyclases;/general_params/publications
BGC0000275.json,/general_params/Polyketide/cyclases;/general_params/publications
BGC0000276.json,/general_params/Polyketide/cyclases;/general_params/Saccharide/gt_genes[]/sugar_subcluster;/general_params/publications
BGC0001061.json,/general_params/Polyketide/cyclases;/general_params/Polyketide/mod_pks_genes[]/pks_module[]/pks_mod_doms;/general_params/publications
BGC0001072.json,/general_params/Polyketide/cyclases;/general_params/Polyketide/mod_pks_genes[]/pks_module[]/pks_mod_doms;/general_params/Saccharide/gt_genes[]/sugar_subcluster;/general_params/compounds[]/chem_target;/general_params/publications
BGC0001177.json,/general_params/Polyketide/cyclases;/general_params/publications
BGC0001179.json,/general_params/Polyketide/cyclases;/general_params/compounds[]/chem_target;/general_params/publications
BGC0000001.json,/general_params/Polyketide/mod_pks_genes[]/pks_module[]/pks_mod_doms;/general_params/compounds[]/chem_target;/general_params/publications
BGC0000017.json,/general_params/Polyketide/mod_pks_genes[]/pks_module[]/pks_mod_doms;/general_params/compounds[]/chem_target;/general_params/publications
BGC0000023.json,/general_params/Polyketide/mod_pks_genes[]/pks_module[]/pks_mod_doms;/general_params/compounds[]/chem_target;/general_params/publications
BGC0000024.json,/general_params/Polyketide/mod_pks_genes[]/pks_module[]/pks_mod_doms;/general_params/publications
BGC0000028.json,/general_params/Polyketide/mod_pks_genes[]/pks_module[]/pks_mod_doms;/general_params/publications
BGC0000031.json,/general_params/Polyketide/mod_pks_genes[]/pks_module[]/pks_mod_doms;/general_params/compounds[]/chem_target;/general_params/publications
BGC0000036.json,/general_params/Polyketide/mod_pks_genes[]/pks_module[]/pks_mod_doms;/general_params/compounds[]/chem_target;/general_params/publications
BGC0000110.json,/general_params/Polyketide/mod_pks_genes[]/pks_module[]/pks_mod_doms;/general_params/compounds[]/chem_target;/general_params/publications
BGC0000122.json,/general_params/Polyketide/mod_pks_genes[]/pks_module[]/pks_mod_doms;/general_params/compounds[]/chem_target;/general_params/publications
BGC0000147.json,/general_params/Polyketide/mod_pks_genes[]/pks_module[]/pks_mod_doms;/general_params/compounds[]/chem_target;/general_params/publications
BGC0000149.json,/general_params/Polyketide/mod_pks_genes[]/pks_module[]/pks_mod_doms;/general_params/publications
BGC0000153.json,/general_params/Polyketide/mod_pks_genes[]/pks_module[]/pks_mod_doms;/general_params/publications
BGC0000173.json,/general_params/Polyketide/mod_pks_genes[]/pks_module[]/pks_mod_doms;/general_params/compounds[]/chem_target;/general_params/publications
BGC0000178.json,/general_params/Polyketide/mod_pks_genes[]/pks_module[]/pks_mod_doms;/general_params/publications
BGC0000179.json,/general_params/Polyketide/mod_pks_genes[]/pks_module[]/pks_mod_doms;/general_params/compounds[]/chem_target;/general_params/publications
BGC0000180.json,/general_params/Polyketide/mod_pks_genes[]/pks_module[]/pks_mod_doms;/general_params/publications
BGC0000184.json,/general_params/Polyketide/mod_pks_genes[]/pks_module[]/pks_mod_doms;/general_params/publications
BGC0000186.json,/general_params/Polyketide/mod_pks_genes[]/pks_module[]/pks_mod_doms;/general_params/publications
BGC0000380.json,/general_params/Polyketide/mod_pks_genes[]/pks_module[]/pks_mod_doms;/general_params/publications
BGC0000383.json,/general_params/Polyketide/mod_pks_genes[]/pks_module[]/pks_mod_doms;/general_params/compounds[]/chem_target;/general_params/publications
BGC0000393.json,/general_params/Polyketide/mod_pks_genes[]/pks_module[]/pks_mod_doms;/general_params/publications
BGC0000430.json,/general_params/Polyketide/mod_pks_genes[]/pks_module[]/pks_mod_doms;/general_params/compounds[]/chem_target;/general_params/publications
BGC0000954.json,/general_params/Polyketide/mod_pks_genes[]/pks_module[]/pks_mod_doms;/general_params/publications
BGC0000955.json,/general_params/Polyketide/mod_pks_genes[]/pks_module[]/pks_mod_doms;/general_params/compounds[]/chem_target;/general_params/publications
BGC0000969.json,/general_params/Polyketide/mod_pks_genes[]/pks_module[]/pks_mod_doms;/general_params/compounds[]/chem_target;/general_params/publications
BGC0000970.json,/general_params/Polyketide/mod_pks_genes[]/pks_module[]/pks_mod_doms;/general_params/publications
BGC0000971.json,/general_params/Polyketide/mod_pks_genes[]/pks_module[]/pks_mod_doms;/general_params/compounds[]/chem_target;/general_params/publications
BGC0000973.json,/general_params/Polyketide/mod_pks_genes[]/pks_module[]/pks_mod_doms;/general_params/publications
BGC0000996.json,/general_params/Polyketide/mod_pks_genes[]/pks_module[]/pks_mod_doms;/general_params/publications
BGC0001003.json,/general_params/Polyketide/mod_pks_genes[]/pks_module[]/pks_mod_doms;/general_params/Saccharide/gt_genes[]/sugar_subcluster;/general_params/publications
BGC0001004.json,/general_params/Polyketide/mod_pks_genes[]/pks_module[]/pks_mod_doms;/general_params/publications
BGC0001010.json,/general_params/Polyketide/mod_pks_genes[]/pks_module[]/pks_mod_doms;/general_params/compounds[]/chem_target;/general_params/publications
BGC0001019.json,/general_params/Polyketide/mod_pks_genes[]/pks_module[]/pks_mod_doms;/general_params/publications
BGC0001024.json,/general_params/Polyketide/mod_pks_genes[]/pks_module[]/pks_mod_doms;/general_params/compounds[]/chem_target;/general_params/publications
BGC0001025.json,/general_params/Polyketide/mod_pks_genes[]/pks_module[]/pks_mod_doms;/general_params/publications
BGC0001034.json,/general_params/Polyketide/mod_pks_genes[]/pks_module[]/pks_mod_doms;/general_params/publications
BGC0001046.json,/general_params/Polyketide/mod_pks_genes[]/pks_module[]/pks_mod_doms;/general_params/compounds[]/chem_target;/general_params/publications
BGC0001050.json,/general_params/Polyketide/mod_pks_genes[]/pks_module[]/pks_mod_doms;/general_params/compounds[]/chem_target;/general_params/publications
BGC0001051.json,/general_params/Polyketide/mod_pks_genes[]/pks_module[]/pks_mod_doms;/general_params/publications
BGC0001054.json,/general_params/Polyketide/mod_pks_genes[]/pks_module[]/pks_mod_doms;/general_params/publications
BGC0001056.json,/general_params/Polyketide/mod_pks_genes[]/pks_module[]/pks_mod_doms;/general_params/publications
BGC0001066.json,/general_params/Polyketide/mod_pks_genes[]/pks_module[]/pks_mod_doms;/general_params/publications
BGC0001069.json,/general_params/Polyketide/mod_pks_genes[]/pks_module[]/pks_mod_doms;/general_params/compounds[]/chem_target;/general_params/publications
BGC0001070.json,/general_params/Polyketide/mod_pks_genes[]/pks_module[]/pks_mod_doms;/general_params/compounds[]/chem_target;/general_params/publications
BGC0001099.json,/general_params/Polyketide/mod_pks_genes[]/pks_module[]/pks_mod_doms;/general_params/compounds[]/chem_target;/general_params/publications
BGC0001111.json,/general_params/Polyketide/mod_pks_genes[]/pks_module[]/pks_mod_doms;/general_params/publications
BGC0001119.json,/general_params/Polyketide/mod_pks_genes[]/pks_module[]/pks_mod_doms;/general_params/publications
BGC0001120.json,/general_params/Polyketide/mod_pks_genes[]/pks_module[]/pks_mod_doms;/general_params/publications
BGC0001169.json,/general_params/Polyketide/mod_pks_genes[]/pks_module[]/pks_mod_doms;/general_params/publications
BGC0001172.json,/general_params/Polyketide/mod_pks_genes[]/pks_module[]/pks_mod_doms;/general_params/publications
BGC0001231.json,/general_params/Polyketide/mod_pks_genes[]/pks_module[]/pks_mod_doms;/general_params/publications
BGC0000044.json,/general_params/Polyketide/pufa_mod_doms;/general_params/publications
BGC0000473.json,/general_params/RiPP/precursor_loci[]/cleavage_recogn_site;/general_params/RiPP/precursor_loci[]/core_pept_aa;/general_params/publications
BGC0000474.json,/general_params/RiPP/precursor_loci[]/cleavage_recogn_site;/general_params/RiPP/precursor_loci[]/core_pept_aa;/general_params/publications
BGC0000476.json,/general_params/RiPP/precursor_loci[]/cleavage_recogn_site;/general_params/RiPP/precursor_loci[]/core_pept_aa;/general_params/publications
BGC0000477.json,/general_params/RiPP/precursor_loci[]/cleavage_recogn_site;/general_params/RiPP/precursor_loci[]/core_pept_aa;/general_params/publications
BGC0000478.json,/general_params/RiPP/precursor_loci[]/cleavage_recogn_site;/general_params/RiPP/precursor_loci[]/core_pept_aa;/general_params/publications
BGC0000480.json,/general_params/RiPP/precursor_loci[]/cleavage_recogn_site;/general_params/RiPP/precursor_loci[]/core_pept_aa;/general_params/publications
BGC0000482.json,/general_params/RiPP/precursor_loci[]/cleavage_recogn_site;/general_params/RiPP/precursor_loci[]/core_pept_aa;/general_params/publications
BGC0000488.json,/general_params/RiPP/precursor_loci[]/cleavage_recogn_site;/general_params/RiPP/precursor_loci[]/core_pept_aa;/general_params/compounds[]/chem_target;/general_params/publications
BGC0000501.json,/general_params/RiPP/precursor_loci[]/cleavage_recogn_site;/general_params/RiPP/precursor_loci[]/core_pept_aa;/general_params/publications
BGC0000509.json,/general_params/RiPP/precursor_loci[]/cleavage_recogn_site;/general_params/RiPP/precursor_loci[]/core_pept_aa;/general_params/compounds[]/chem_target;/general_params/publications
BGC0000515.json,/general_params/RiPP/precursor_loci[]/cleavage_recogn_site;/general_params/RiPP/precursor_loci[]/core_pept_aa;/general_params/compounds[]/chem_target;/general_params/publications
BGC0000516.json,/general_params/RiPP/precursor_loci[]/cleavage_recogn_site;/general_params/RiPP/precursor_loci[]/core_pept_aa;/general_params/publications
BGC0000517.json,/general_params/RiPP/precursor_loci[]/cleavage_recogn_site;/general_params/RiPP/precursor_loci[]/core_pept_aa;/general_params/compounds[]/chem_target;/general_params/publications
BGC0000551.json,/general_params/RiPP/precursor_loci[]/cleavage_recogn_site;/general_params/RiPP/precursor_loci[]/core_pept_aa;/general_params/publications
BGC0000554.json,/general_params/RiPP/precursor_loci[]/cleavage_recogn_site;/general_params/RiPP/precursor_loci[]/core_pept_aa;/general_params/publications
BGC0000563.json,/general_params/RiPP/precursor_loci[]/cleavage_recogn_site;/general_params/RiPP/precursor_loci[]/core_pept_aa;/general_params/publications
BGC0000592.json,/general_params/RiPP/precursor_loci[]/cleavage_recogn_site;/general_params/RiPP/precursor_loci[]/core_pept_aa;/general_params/compounds[]/chem_target;/general_params/publications
BGC0000616.json,/general_params/RiPP/precursor_loci[]/cleavage_recogn_site;/general_params/RiPP/precursor_loci[]/core_pept_aa;/general_params/publications
BGC0001229.json,/general_params/RiPP/precursor_loci[]/cleavage_recogn_site;/general_params/RiPP/precursor_loci[]/core_pept_aa;/general_params/publications
BGC0001311.json,/general_params/RiPP/precursor_loci[]/cleavage_recogn_site;/general_params/RiPP/precursor_loci[]/core_pept_aa;/general_params/publications
BGC0000468.json,/general_params/RiPP/precursor_loci[]/core_pept_aa;/general_params/compounds[]/chem_target;/general_params/publications
BGC0000472.json,/general_params/RiPP/precursor_loci[]/core_pept_aa;/general_params/publications
BGC0000479.json,/general_params/RiPP/precursor_loci[]/core_pept_aa;/general_params/publications
BGC0000503.json,/general_params/RiPP/precursor_loci[]/core_pept_aa;/general_params/compounds[]/chem_target;/general_params/publications
BGC0000506.json,/general_params/RiPP/precursor_loci[]/core_pept_aa;/general_params/publications
BGC0000511.json,/general_params/RiPP/precursor_loci[]/core_pept_aa;/general_params/publications
BGC0000513.json,/general_params/RiPP/precursor_loci[]/core_pept_aa;/general_params/publications
BGC0000518.json,/general_params/RiPP/precursor_loci[]/core_pept_aa;/general_params/publications
BGC0000519.json,/general_params/RiPP/precursor_loci[]/core_pept_aa;/general_params/publications
BGC0000529.json,/general_params/RiPP/precursor_loci[]/core_pept_aa;/general_params/compounds[]/chem_target;/general_params/publications
BGC0000535.json,/general_params/RiPP/precursor_loci[]/core_pept_aa;/general_params/publications
BGC0000544.json,/general_params/RiPP/precursor_loci[]/core_pept_aa;/general_params/compounds[]/chem_target;/general_params/publications
BGC0000546.json,/general_params/RiPP/precursor_loci[]/core_pept_aa;/general_params/publications
BGC0000553.json,/general_params/RiPP/precursor_loci[]/core_pept_aa;/general_params/publications
BGC0000559.json,/general_params/RiPP/precursor_loci[]/core_pept_aa;/general_params/publications
BGC0000564.json,/general_params/RiPP/precursor_loci[]/core_pept_aa;/general_params/compounds[]/chem_target;/general_params/publications
BGC0000566.json,/general_params/RiPP/precursor_loci[]/core_pept_aa;/general_params/publications
BGC0000569.json,/general_params/RiPP/precursor_loci[]/core_pept_aa;/general_params/publications
BGC0000578.json,/general_params/RiPP/precursor_loci[]/core_pept_aa;/general_params/publications
BGC0000579.json,/general_params/RiPP/precursor_loci[]/core_pept_aa;/general_params/publications
BGC0000582.json,/general_params/RiPP/precursor_loci[]/core_pept_aa;/general_params/publications
BGC0000583.json,/general_params/RiPP/precursor_loci[]/core_pept_aa;/general_params/publications
BGC0000593.json,/general_params/RiPP/precursor_loci[]/core_pept_aa;/general_params/compounds[]/chem_target;/general_params/publications
BGC0000595.json,/general_params/RiPP/precursor_loci[]/core_pept_aa;/general_params/publications
BGC0000596.json,/general_params/RiPP/precursor_loci[]/core_pept_aa;/general_params/publications
BGC0000597.json,/general_params/RiPP/precursor_loci[]/core_pept_aa;/general_params/publications
BGC0000598.json,/general_params/RiPP/precursor_loci[]/core_pept_aa;/general_params/compounds[]/chem_target;/general_params/publications
BGC0000601.json,/general_params/RiPP/precursor_loci[]/core_pept_aa;/general_params/publications
BGC0000603.json,/general_params/RiPP/precursor_loci[]/core_pept_aa;/general_params/compounds[]/chem_target;/general_params/publications
BGC0000604.json,/general_params/RiPP/precursor_loci[]/core_pept_aa;/general_params/compounds[]/chem_target;/general_params/publications
BGC0000612.json,/general_params/RiPP/precursor_loci[]/core_pept_aa;/general_params/publications
BGC0000613.json,/general_params/RiPP/precursor_loci[]/core_pept_aa;/general_params/compounds[]/chem_target;/general_params/publications
BGC0000615.json,/general_params/RiPP/precursor_loci[]/core_pept_aa;/general_params/compounds[]/chem_target;/general_params/publications
BGC0000628.json,/general_params/RiPP/precursor_loci[]/core_pept_aa;/general_params/compounds[]/chem_moieties[]/subcluster;/general_params/compounds[]/chem_target;/general_params/loci/nucl_acc[]/conn_comp_cluster;/general_params/publications
BGC0001145.json,/general_params/RiPP/precursor_loci[]/core_pept_aa;/general_params/compounds[]/chem_target;/general_params/publications
BGC0001146.json,/general_params/RiPP/precursor_loci[]/core_pept_aa;/general_params/publications
BGC0001155.json,/general_params/RiPP/precursor_loci[]/core_pept_aa;/general_params/compounds[]/chem_target;/general_params/publications
BGC0001157.json,/general_params/RiPP/precursor_loci[]/core_pept_aa;/general_params/compounds[]/chem_target;/general_params/publications
BGC0001167.json,/general_params/RiPP/precursor_loci[]/core_pept_aa;/general_params/publications
BGC0001170.json,/general_params/RiPP/precursor_loci[]/core_pept_aa;/general_params/publications
BGC0001171.json,/general_params/RiPP/precursor_loci[]/core_pept_aa;/general_params/publications
BGC0001173.json,/general_params/RiPP/precursor_loci[]/core_pept_aa;/general_params/publications
BGC0001174.json,/general_params/RiPP/precursor_loci[]/core_pept_aa;/general_params/publications
BGC0001176.json,/general_params/RiPP/precursor_loci[]/core_pept_aa;/general_params/publications
BGC0001226.json,/general_params/RiPP/precursor_loci[]/core_pept_aa;/general_params/compounds[]/chem_target;/general_params/publications
BGC0001471.json,/general_params/RiPP/precursor_loci[]/core_pept_aa;/general_params/publications
BGC0001473.json,/general_params/RiPP/precursor_loci[]/core_pept_aa;/general_params/publications
BGC0001474.json,/general_params/RiPP/precursor_loci[]/core_pept_aa;/general_params/publications
BGC0000285.json,/general_params/Saccharide/Sugar_subclass;/general_params/publications
BGC0000055.json,/general_params/Saccharide/gt_genes[]/sugar_subcluster;/general_params/compounds[]/chem_target;/general_params/publications
BGC0000419.json,/general_params/Saccharide/gt_genes[]/sugar_subcluster;/general_params/compounds[]/chem_target;/general_params/publications
BGC0000654.json,/general_params/Saccharide/gt_genes[]/sugar_subcluster;/general_params/publications
BGC0000805.json,/general_params/Saccharide/gt_genes[]/sugar_subcluster;/general_params/compounds[]/chem_target;/general_params/publications
BGC0000832.json,/general_params/Saccharide/gt_genes[]/sugar_subcluster;/general_params/compounds[]/chem_target;/general_params/publications
BGC0000833.json,/general_params/Saccharide/gt_genes[]/sugar_subcluster;/general_params/compounds[]/chem_target;/general_params/publications
BGC0000834.json,/general_params/Saccharide/gt_genes[]/sugar_subcluster;/general_params/compounds[]/chem_target;/general_params/publications
BGC0001149.json,/general_params/Saccharide/gt_genes[]/sugar_subcluster;/general_params/publications
BGC0000026.json,/general_params/compounds[]/chem_target;/general_params/publications
BGC0000029.json,/general_params/compounds[]/chem_target;/general_params/publications
BGC0000046.json,/general_params/compounds[]/chem_target;/general_params/publications
BGC0000057.json,/general_params/compounds[]/chem_target;/general_params/publications
BGC0000065.json,/general_params/compounds[]/chem_target;/general_params/publications
BGC0000070.json,/general_params/compounds[]/chem_target;/general_params/publications
BGC0000081.json,/general_params/compounds[]/chem_target;/general_params/publications
BGC0000083.json,/general_params/compounds[]/chem_target;/general_params/publications
BGC0000090.json,/general_params/compounds[]/chem_target;/general_params/publications
BGC0000097.json,/general_params/compounds[]/chem_target;/general_params/publications
BGC0000101.json,/general_params/compounds[]/chem_target;/general_params/publications
BGC0000104.json,/general_params/compounds[]/chem_target;/general_params/publications
BGC0000106.json,/general_params/compounds[]/chem_target;/general_params/publications
BGC0000112.json,/general_params/compounds[]/chem_target;/general_params/publications
BGC0000114.json,/general_params/compounds[]/chem_target;/general_params/publications
BGC0000115.json,/general_params/compounds[]/chem_target;/general_params/publications
BGC0000119.json,/general_params/compounds[]/chem_target;/general_params/publications
BGC0000144.json,/general_params/compounds[]/chem_target;/general_params/publications
BGC0000154.json,/general_params/compounds[]/chem_target;/general_params/publications
BGC0000156.json,/general_params/compounds[]/chem_target;/general_params/publications
BGC0000158.json,/general_params/compounds[]/chem_target;/general_params/publications
BGC0000159.json,/general_params/compounds[]/chem_target;/general_params/publications
BGC0000165.json,/general_params/compounds[]/chem_target;/general_params/publications
BGC0000168.json,/general_params/compounds[]/chem_target;/general_params/publications
BGC0000175.json,/general_params/compounds[]/chem_target;/general_params/publications
BGC0000177.json,/general_params/compounds[]/chem_target;/general_params/publications
BGC0000182.json,/general_params/compounds[]/chem_target;/general_params/publications
BGC0000188.json,/general_params/compounds[]/chem_target;/general_params/publications
BGC0000189.json,/general_params/compounds[]/chem_target;/general_params/publications
BGC0000213.json,/general_params/compounds[]/chem_target;/general_params/publications
BGC0000280.json,/general_params/compounds[]/chem_target;/general_params/publications
BGC0000289.json,/general_params/compounds[]/chem_target;/general_params/publications
BGC0000290.json,/general_params/compounds[]/chem_target;/general_params/publications
BGC0000297.json,/general_params/compounds[]/chem_target;/general_params/publications
BGC0000298.json,/general_params/compounds[]/chem_target;/general_params/publications
BGC0000302.json,/general_params/compounds[]/chem_target;/general_params/publications
BGC0000306.json,/general_params/compounds[]/chem_target;/general_params/publications
BGC0000315.json,/general_params/compounds[]/chem_target;/general_params/publications
BGC0000319.json,/general_params/compounds[]/chem_target;/general_params/publications
BGC0000320.json,/general_params/compounds[]/chem_target;/general_params/publications
BGC0000338.json,/general_params/compounds[]/chem_target;/general_params/publications
BGC0000345.json,/general_params/compounds[]/chem_target;/general_params/publications
BGC0000346.json,/general_params/compounds[]/chem_target;/general_params/publications
BGC0000356.json,/general_params/compounds[]/chem_target;/general_params/publications
BGC0000357.json,/general_params/compounds[]/chem_target;/general_params/publications
BGC0000370.json,/general_params/compounds[]/chem_target;/general_params/publications
BGC0000372.json,/general_params/compounds[]/chem_target;/general_params/publications
BGC0000384.json,/general_params/compounds[]/chem_target;/general_params/publications
BGC0000389.json,/general_params/compounds[]/chem_target;/general_params/publications
BGC0000405.json,/general_params/compounds[]/chem_target;/general_params/publications
BGC0000406.json,/general_params/compounds[]/chem_target;/general_params/publications
BGC0000420.json,/general_params/compounds[]/chem_target;/general_params/publications
BGC0000429.json,/general_params/compounds[]/chem_target;/general_params/publications
BGC0000440.json,/general_params/compounds[]/chem_target;/general_params/publications
BGC0000445.json,/general_params/compounds[]/chem_target;/general_params/publications
BGC0000447.json,/general_params/compounds[]/chem_target;/general_params/publications
BGC0000459.json,/general_params/compounds[]/chem_target;/general_params/publications
BGC0000520.json,/general_params/compounds[]/chem_target;/general_params/publications
BGC0000676.json,/general_params/compounds[]/chem_target;/general_params/publications
BGC0000677.json,/general_params/compounds[]/chem_target;/general_params/publications
BGC0000722.json,/general_params/compounds[]/chem_target;/general_params/publications
BGC0000816.json,/general_params/compounds[]/chem_target;/general_params/publications
BGC0000817.json,/general_params/compounds[]/chem_target;/general_params/publications
BGC0000821.json,/general_params/compounds[]/chem_target;/general_params/publications
BGC0000822.json,/general_params/compounds[]/chem_target;/general_params/publications
BGC0000824.json,/general_params/compounds[]/chem_target;/general_params/publications
BGC0000829.json,/general_params/compounds[]/chem_target;/general_params/publications
BGC0000830.json,/general_params/compounds[]/chem_target;/general_params/publications
BGC0000845.json,/general_params/compounds[]/chem_target;/general_params/publications
BGC0000847.json,/general_params/compounds[]/chem_target;/general_params/publications
BGC0000849.json,/general_params/compounds[]/chem_target;/general_params/publications
BGC0000875.json,/general_params/compounds[]/chem_target;/general_params/publications
BGC0000880.json,/general_params/compounds[]/chem_target;/general_params/publications
BGC0000887.json,/general_params/compounds[]/chem_target;/general_params/publications
BGC0000890.json,/general_params/compounds[]/chem_target;/general_params/publications
BGC0000891.json,/general_params/compounds[]/chem_target;/general_params/publications
BGC0000893.json,/general_params/compounds[]/chem_target;/general_params/publications
BGC0000938.json,/general_params/compounds[]/chem_target;/general_params/publications
BGC0000944.json,/general_params/compounds[]/chem_target;/general_params/publications
BGC0000948.json,/general_params/compounds[]/chem_target;/general_params/publications
BGC0000950.json,/general_params/compounds[]/chem_target;/general_params/publications
BGC0000952.json,/general_params/compounds[]/chem_target;/general_params/publications
BGC0000953.json,/general_params/compounds[]/chem_target;/general_params/publications
BGC0000956.json,/general_params/compounds[]/chem_target;/general_params/publications
BGC0000958.json,/general_params/compounds[]/chem_target;/general_params/publications
BGC0000963.json,/general_params/compounds[]/chem_target;/general_params/publications
BGC0000964.json,/general_params/compounds[]/chem_target;/general_params/publications
BGC0000965.json,/general_params/compounds[]/chem_target;/general_params/publications
BGC0000967.json,/general_params/compounds[]/chem_target;/general_params/publications
BGC0000976.json,/general_params/compounds[]/chem_target;/general_params/publications
BGC0000983.json,/general_params/compounds[]/chem_target;/general_params/publications
BGC0000993.json,/general_params/compounds[]/chem_target;/general_params/publications
BGC0001000.json,/general_params/compounds[]/chem_target;/general_params/publications
BGC0001001.json,/general_params/compounds[]/chem_target;/general_params/publications
BGC0001006.json,/general_params/compounds[]/chem_target;/general_params/publications
BGC0001007.json,/general_params/compounds[]/chem_target;/general_params/publications
BGC0001008.json,/general_params/compounds[]/chem_target;/general_params/publications
BGC0001016.json,/general_params/compounds[]/chem_target;/general_params/publications
BGC0001017.json,/general_params/compounds[]/chem_target;/general_params/publications
BGC0001035.json,/general_params/compounds[]/chem_target;/general_params/publications
BGC0001037.json,/general_params/compounds[]/chem_target;/general_params/publications
BGC0001041.json,/general_params/compounds[]/chem_target;/general_params/publications
BGC0001045.json,/general_params/compounds[]/chem_target;/general_params/publications
BGC0001048.json,/general_params/compounds[]/chem_target;/general_params/publications
BGC0001058.json,/general_params/compounds[]/chem_target;/general_params/publications
BGC0001067.json,/general_params/compounds[]/chem_target;/general_params/publications
BGC0001076.json,/general_params/compounds[]/chem_target;/general_params/publications
BGC0001082.json,/general_params/compounds[]/chem_target;/general_params/publications
BGC0001101.json,/general_params/compounds[]/chem_target;/general_params/publications
BGC0001105.json,/general_params/compounds[]/chem_target;/general_params/publications
BGC0001108.json,/general_params/compounds[]/chem_target;/general_params/genes/gene[]/evidence_genefunction[][];/general_params/publications
BGC0001110.json,/general_params/compounds[]/chem_target;/general_params/publications
BGC0001112.json,/general_params/compounds[]/chem_target;/general_params/publications
BGC0001114.json,/general_params/compounds[]/chem_target;/general_params/publications
BGC0001134.json,/general_params/compounds[]/chem_target;/general_params/publications
BGC0001137.json,/general_params/compounds[]/chem_target;/general_params/publications
BGC0001138.json,/general_params/compounds[]/chem_target;/general_params/publications
BGC0001140.json,/general_params/compounds[]/chem_target;/general_params/publications
BGC0001141.json,/general_params/compounds[]/chem_target;/general_params/publications
BGC0001147.json,/general_params/compounds[]/chem_target;/general_params/publications
BGC0001151.json,/general_params/compounds[]/chem_target;/general_params/publications
BGC0001153.json,/general_params/compounds[]/chem_target;/general_params/publications
BGC0001156.json,/general_params/compounds[]/chem_target;/general_params/genes/gene[]/evidence_genefunction[][];/general_params/publications
BGC0001165.json,/general_params/compounds[]/chem_target;/general_params/publications
BGC0001166.json,/general_params/compounds[]/chem_target;/general_params/publications
BGC0001168.json,/general_params/compounds[]/chem_target;/general_params/publications
BGC0001178.json,/general_params/compounds[]/chem_target;/general_params/publications
BGC0001212.json,/general_params/compounds[]/chem_target;/general_params/publications
BGC0001230.json,/general_params/compounds[]/chem_target;/general_params/publications
BGC0001285.json,/general_params/compounds[]/chem_target;/general_params/publications
BGC0001333.json,/general_params/compounds[]/chem_target;/general_params/publications
BGC0001334.json,/general_params/compounds[]/chem_target;/general_params/publications
BGC0001339.json,/general_params/compounds[]/chem_target;/general_params/publications
BGC0001440.json,/general_params/compounds[]/chem_target;/general_params/publications
BGC0001441.json,/general_params/compounds[]/chem_target;/general_params/publications
BGC0001442.json,/general_params/compounds[]/chem_target;/general_params/publications
BGC0001443.json,/general_params/compounds[]/chem_target;/general_params/publications
BGC0001449.json,/general_params/compounds[]/chem_target;/general_params/publications
BGC0001459.json,/general_params/compounds[]/chem_target;/general_params/publications
BGC0001460.json,/general_params/compounds[]/chem_target;/general_params/publications
BGC0001461.json,/general_params/compounds[]/chem_target;/general_params/publications
BGC0001462.json,/general_params/compounds[]/chem_target;/general_params/publications
BGC0001463.json,/general_params/compounds[]/chem_target;/general_params/publications
BGC0001467.json,/general_params/compounds[]/chem_target;/general_params/publications
BGC0001468.json,/general_params/compounds[]/chem_target;/general_params/publications
BGC0001476.json,/general_params/compounds[]/chem_target;/general_params/publications
BGC0001479.json,/general_params/compounds[]/chem_target;/general_params/publications
BGC0000016.json,/general_params/publications
BGC0000027.json,/general_params/publications
BGC0000038.json,/general_params/publications
BGC0000072.json,/general_params/publications
BGC0000094.json,/general_params/publications
BGC0000120.json,/general_params/publications
BGC0000150.json,/general_params/publications
BGC0000161.json,/general_params/publications
BGC0000171.json,/general_params/publications
BGC0000176.json,/general_params/publications
BGC0000181.json,/general_params/publications
BGC0000187.json,/general_params/publications
BGC0000227.json,/general_params/publications
BGC0000283.json,/general_params/publications
BGC0000305.json,/general_params/publications
BGC0000314.json,/general_params/publications
BGC0000317.json,/general_params/publications
BGC0000323.json,/general_params/publications
BGC0000330.json,/general_params/publications
BGC0000333.json,/general_params/publications
BGC0000337.json,/general_params/publications
BGC0000350.json,/general_params/publications
BGC0000352.json,/general_params/publications
BGC0000355.json,/general_params/publications
BGC0000361.json,/general_params/publications
BGC0000369.json,/general_params/publications
BGC0000374.json,/general_params/publications
BGC0000386.json,/general_params/publications
BGC0000391.json,/general_params/publications
BGC0000398.json,/general_params/publications
BGC0000399.json,/general_params/publications
BGC0000416.json,/general_params/publications
BGC0000424.json,/general_params/publications
BGC0000425.json,/general_params/publications
BGC0000426.json,/general_params/publications
BGC0000427.json,/general_params/publications
BGC0000431.json,/general_params/publications
BGC0000433.json,/general_params/publications
BGC0000439.json,/general_params/publications
BGC0000442.json,/general_params/publications
BGC0000443.json,/general_params/publications
BGC0000446.json,/general_params/publications
BGC0000453.json,/general_params/publications
BGC0000462.json,/general_params/publications
BGC0000463.json,/general_params/publications
BGC0000464.json,/general_params/publications
BGC0000465.json,/general_params/publications
BGC0000471.json,/general_params/publications
BGC0000483.json,/general_params/publications
BGC0000526.json,/general_params/publications
BGC0000560.json,/general_params/publications
BGC0000631.json,/general_params/publications
BGC0000646.json,/general_params/publications
BGC0000657.json,/general_params/publications
BGC0000661.json,/general_params/publications
BGC0000665.json,/general_params/publications
BGC0000666.json,/general_params/publications
BGC0000668.json,/general_params/publications
BGC0000669.json,/general_params/publications
BGC0000670.json,/general_params/publications
BGC0000758.json,/general_params/publications
BGC0000774.json,/general_params/publications
BGC0000808.json,/general_params/publications
BGC0000818.json,/general_params/publications
BGC0000819.json,/general_params/publications
BGC0000820.json,/general_params/publications
BGC0000836.json,/general_params/publications
BGC0000837.json,/general_params/publications
BGC0000839.json,/general_params/publications
BGC0000841.json,/general_params/publications
BGC0000843.json,/general_params/publications
BGC0000871.json,/general_params/publications
BGC0000892.json,/general_params/publications
BGC0000898.json,/general_params/publications
BGC0000915.json,/general_params/publications
BGC0000921.json,/general_params/publications
BGC0000934.json,/general_params/publications
BGC0000935.json,/general_params/publications
BGC0000940.json,/general_params/publications
BGC0000942.json,/general_params/publications
BGC0000959.json,/general_params/publications
BGC0000962.json,/general_params/publications
BGC0000968.json,/general_params/publications
BGC0000972.json,/general_params/publications
BGC0000975.json,/general_params/publications
BGC0000978.json,/general_params/publications
BGC0001014.json,/general_params/publications
BGC0001023.json,/general_params/publications
BGC0001028.json,/general_params/publications
BGC0001029.json,/general_params/publications
BGC0001038.json,/general_params/publications
BGC0001049.json,/general_params/publications
BGC0001052.json,/general_params/publications
BGC0001064.json,/general_params/publications
BGC0001071.json,/general_params/publications
BGC0001079.json,/general_params/publications
BGC0001080.json,/general_params/publications
BGC0001083.json,/general_params/publications
BGC0001084.json,/general_params/publications
BGC0001089.json,/general_params/publications
BGC0001090.json,/general_params/publications
BGC0001092.json,/general_params/publications
BGC0001095.json,/general_params/publications
BGC0001102.json,/general_params/publications
BGC0001118.json,/general_params/publications
BGC0001121.json,/general_params/publications
BGC0001122.json,/general_params/publications
BGC0001123.json,/general_params/publications
BGC0001126.json,/general_params/publications
BGC0001129.json,/general_params/publications
BGC0001130.json,/general_params/publications
BGC0001131.json,/general_params/publications
BGC0001132.json,/general_params/publications
BGC0001133.json,/general_params/publications
BGC0001135.json,/general_params/publications
BGC0001136.json,/general_params/publications
BGC0001150.json,/general_params/publications
BGC0001152.json,/general_params/publications
BGC0001154.json,/general_params/publications
BGC0001158.json,/general_params/publications
BGC0001159.json,/general_params/publications
BGC0001160.json,/general_params/publications
BGC0001161.json,/general_params/publications
BGC0001162.json,/general_params/publications
BGC0001163.json,/general_params/publications
BGC0001164.json,/general_params/publications
BGC0001180.json,/general_params/publications
BGC0001182.json,/general_params/publications
BGC0001184.json,/general_params/publications
BGC0001185.json,/general_params/publications
BGC0001187.json,/general_params/publications
BGC0001208.json,/general_params/publications
BGC0001221.json,/general_params/publications
BGC0001228.json,/general_params/publications
BGC0001281.json,/general_params/publications
BGC0001283.json,/general_params/publications
BGC0001327.json,/general_params/publications
BGC0001328.json,/general_params/publications
BGC0001329.json,/general_params/publications
BGC0001330.json,/general_params/publications
BGC0001331.json,/general_params/publications
BGC0001335.json,/general_params/publications
BGC0001336.json,/general_params/publications
BGC0001337.json,/general_params/publications
BGC0001338.json,/general_params/publications
BGC0001340.json,/general_params/publications
BGC0001346.json,/general_params/publications
BGC0001347.json,/general_params/publications
BGC0001348.json,/general_params/publications
BGC0001417.json,/general_params/publications
BGC0001418.json,/general_params/publications
BGC0001419.json,/general_params/publications
BGC0001420.json,/general_params/publications
BGC0001421.json,/general_params/publications
BGC0001422.json,/general_params/publications
BGC0001423.json,/general_params/publications
BGC0001424.json,/general_params/publications
BGC0001425.json,/general_params/publications
BGC0001426.json,/general_params/publications
BGC0001427.json,/general_params/publications
BGC0001428.json,/general_params/publications
BGC0001429.json,/general_params/publications
BGC0001430.json,/general_params/publications
BGC0001431.json,/general_params/publications
BGC0001432.json,/general_params/publications
BGC0001433.json,/general_params/publications
BGC0001435.json,/general_params/publications
BGC0001436.json,/general_params/publications
BGC0001437.json,/general_params/publications
BGC0001438.json,/general_params/publications
BGC0001439.json,/general_params/publications
BGC0001445.json,/general_params/publications
BGC0001446.json,/general_params/publications
BGC0001448.json,/general_params/publications
BGC0001450.json,/general_params/publications
BGC0001452.json,/general_params/publications
BGC0001466.json,/general_params/publications
BGC0001469.json,/general_params/publications
BGC0001470.json,/general_params/publications
BGC0001477.json,/general_params/publications
BGC0001478.json,/general_params/publications
BGC0001480.json,/general_params/publications
