bgc_id	compound	pubchem	chebi	chembl	chemspider
BGC0000001	Abyssomicin C	71455791		1651097	
BGC0000001	Atrop-abyssomicin C				19955692
BGC0000002	aculeximycin	6449919			
BGC0000003	AF-toxin	6442850			
BGC0000004	aflatoxin	14421			
BGC0000005	aflatoxin	14421			
BGC0000006	aflatoxin	14421			
BGC0000007	aflatoxin	14421			
BGC0000008	aflatoxin	14421			
BGC0000009	aflatoxin	14421			
BGC0000010	aflatoxin	14421			
BGC0000011	aflatoxin	14421			
BGC0000011	sterigmatocystin	5280389			
BGC0000012	alternapyrone				
BGC0000013	alternariol	5359485			
BGC0000014	ambruticin	6918547			
BGC0000015	amphotericin	5386092			
BGC0000016	Amphotericin B	5386092			
BGC0000017	Anatoxin-a	3034748			
BGC0000017	Homoanatoxin-a	126727			
BGC0000018	angolamycin	6438267			
BGC0000019	angolamycin	6438267			
BGC0000020	ansamitocin	5477086			
BGC0000021	apoptolidin	44403674			
BGC0000022	asperfuranone				
BGC0000023	Aurafuron A				
BGC0000024	aureothin	6436188			5029106
BGC0000025	avermectin	6858006			
BGC0000026	Avilamycin A 	122779			16735687
BGC0000026	Avilamycin C	20055307			16736581
BGC0000027	ankaflavin	15294091			
BGC0000027	monascin	12118082			
BGC0000027	rubropunctatin	6452445			
BGC0000027	monascorubrin	12118084			
BGC0000028	Bafilomycin B1				
BGC0000029	BE-14106	6439426			
BGC0000030	bikaverin	5281730			
BGC0000031	Borrelidin				
BGC0000032	calcimycin	40486			
BGC0000033	calicheamicin	6438329			
BGC0000034	candicidin	6445669			
BGC0000035	chalcomycin	6436271			
BGC0000036	chlorothricin				
BGC0000036	deschlorothricin				
BGC0000037	cichorine	442849			
BGC0000038	coelimycin P1				27475147
BGC0000039	compactin	64715			
BGC0000040	concanamycin A	6917059			
BGC0000041	coronafacic acid	114969			
BGC0000042	cremimycin	6449106			
BGC0000043	curacin A	6438908			
BGC0000044	Dawenol				
BGC0000045	dehydrocurvularin	6438143			
BGC0000046	depudecin	6438725	64143		21169370
BGC0000047	dihydrochalcomycin				
BGC0000048	dothistromin	108014			
BGC0000049	E-492				
BGC0000049	E-975	11509754			
BGC0000050	E-837	11494615			
BGC0000051	ebelactone	6436820			
BGC0000052	ECO-02301	23724554			
BGC0000053	elaiophylin	6444206			
BGC0000054	erythromycin	12560			
BGC0000055	Erythromycin A	12560	42355	532	12041
BGC0000055	Erythromycin B	10702	28196	3220708	16736538
BGC0000055	Erythromycin C	441095	64273		75735
BGC0000055	Erythromycin D	24755489	28331		21864912
BGC0000056	esperamicin	71308195			
BGC0000057	F9775A	9843671			
BGC0000057	F9775B	25235989			
BGC0000057	Orsellinic acid	68072			
BGC0000058	FD-891	6444177			
BGC0000059	filipin	6433194			
BGC0000060	fostriecin	6436285			
BGC0000061	FR-008				
BGC0000062	fumonisin	3431			
BGC0000063	fumonisin	3431			
BGC0000064	fusarin	15942871			
BGC0000065	galbonolide A	6438453			
BGC0000066	geldanamycin	5288382			
BGC0000067	geldanamycin	5288382			
BGC0000068	geldanamycin	5288382			
BGC0000069	gephyronic acid				
BGC0000070	griseofulvin	441140			
BGC0000070	dechlorogriseofulvin	24066885			
BGC0000070	norlichexanthone	5281657			
BGC0000070	dehydrogriseofulvin	3082005			
BGC0000070	4-desmethylgriseofulvin	44565921			
BGC0000070	Griseoxanthone B	5359037			
BGC0000072	gulmirecin A				
BGC0000073	halstoctacosanolide	10259958			
BGC0000074	herbimycin	6436247			
BGC0000075	hygrocin A	5326374			
BGC0000075	hygrocin B	5326384			
BGC0000076	hypothemycin	6474405			
BGC0000077	hypothemycin	6474405			
BGC0000078	incednine				
BGC0000079	indanomycin				
BGC0000080	jerangolid A	10762085			8937404
BGC0000080	jerangolid D				17273836
BGC0000081	kedarcidin	6477354			
BGC0000082	kijanimicin	24839883			
BGC0000083	Lactimidomycin	11669726			
BGC0000083	8,9-dihydro-LTM				
BGC0000083	8,9-dihydro-8S-hydroxy-LTM				
BGC0000083	8,9-dihydro-9R-hydroxy-LTM				
BGC0000084	laidlomycin	91790			
BGC0000085	lankamycin	122781			
BGC0000086	lasalocid	2724110			
BGC0000087	lasalocid	2724110			
BGC0000088	lovastatin	53232			
BGC0000089	lovastatin	53232			
BGC0000090	Macbecin I	10886216			
BGC0000090	Macbecin II	6438438			
BGC0000091	marineosin	25170360			
BGC0000092	megalomicin A	31864			
BGC0000092	megalomicin B	443561			
BGC0000092	megalomicin C1	443562			
BGC0000092	megalomicin C2	443563			
BGC0000093	meilingmycin				
BGC0000094	methymycin				
BGC0000095	micromonolactam				
BGC0000096	midecamycin	6436158			
BGC0000097	ML-449				
BGC0000098	monacolin K	129467			
BGC0000099	monascorubrin	12118084			
BGC0000100	monensin	4243			
BGC0000101	emodin	3220			
BGC0000101	monodictyphenone 	16114922			
BGC0000101	shamixanthone	15596091			
BGC0000102	mycinamicin	6436150			
BGC0000103	mycolactone	5282079			
BGC0000104	mycophenolic acid	446541	168396	866	393865
BGC0000105	nanchangmycin	11953995			
BGC0000106	naphthomycin	10101379			
BGC0000107	naphthopyrone				
BGC0000108	natamycin	2723719			
BGC0000109	nemadectin	23724973			
BGC0000110	Neoaureothin	5352028			4509000
BGC0000110	orinocin				
BGC0000110	SNF4435C				8088555
BGC0000110	SNF4435D				8226279
BGC0000111	neocarzilin				
BGC0000112	neocarzinostatin 	447545			
BGC0000113	niddamycin	6440864			
BGC0000114	nigericin	34230			
BGC0000115	nystatin A1	11286230			
BGC0000116	nystatin-like Pseudonocardia polyene				
BGC0000117	oligomycin	5281899			
BGC0000118	pactamycin	5289124			
BGC0000119	pactamycin	5289124			
BGC0000119	7-deoxypactamycin	3064514			
BGC0000120	Patulin				
BGC0000121	pestheic acid	9842980			
BGC0000122	phenylnannolone A				27024549
BGC0000122	phenylnannolone B				27024550
BGC0000122	phenylnannolone C				27024550
BGC0000123	phoslactomycin B	11497184			
BGC0000124	piericidin A1	6437838			
BGC0000125	pimaricin	5284447			
BGC0000126	pladienolide	44568919			
BGC0000127	pyoluteorin	33137			
BGC0000128	pyoluteorin	33137			
BGC0000129	pyripyropene	54734280			
BGC0000130	pyrrolomycin	133275			
BGC0000131	pyrrolomycin	133275			
BGC0000132	pyrrolomycin	133275			
BGC0000133	quartromicin	6450983			
BGC0000134	radicicol	6323491			
BGC0000135	reveromycin	56840987			
BGC0000136	rifamycin	6324616			
BGC0000137	rifamycin	6324616			
BGC0000138	rimocidin	6440843			
BGC0000140	RK-682	54678922			
BGC0000141	rubradirin	5459344			
BGC0000142	salinilactam				
BGC0000143	salinomycin	72370			
BGC0000144	salinomycin	72370			
BGC0000145	salinosporamide A	11695330			
BGC0000146	solanapyrone	119326			
BGC0000147	Soraphen				
BGC0000148	spinosad	91782			
BGC0000149	Spirangien A1				
BGC0000150	sporolide				
BGC0000151	stambomycin A				
BGC0000151	stambomycin B				
BGC0000151	stambomycin C				
BGC0000151	stambomycin D				
BGC0000152	sterigmatocystin	5280389			
BGC0000153	Stigmatellin A				
BGC0000154	stipitatic acid				19955692
BGC0000155	T-toxin				
BGC0000156	TAN-1612	9887988			8063660
BGC0000156	1-(2,3,5,10-tetrahydroxy-7-methoxy-4-oxo-1,2,3,4-tetrahydroanthracen-2-yl)pentane-2,4-dione				
BGC0000156	desmethyl TAN-1612				
BGC0000157	tautomycetin	6439037			
BGC0000158	tautomycetin	16759609			
BGC0000159	tautomycin	3034761			
BGC0000160	terreic acid	91437			
BGC0000161	terrein	12443340			
BGC0000162	tetrocarcin A	6441953			
BGC0000163	tetronasin	54688688			
BGC0000164	tetronomycin	44472823			
BGC0000165	tiacumicin B	70678896			
BGC0000166	tylactone				
BGC0000167	vicenistatin	6438888			
BGC0000168	viridicatumtoxin	54679209			
BGC0000168	Previridicatumtoxin				
BGC0000168	5-hydroxyanthrotainin				
BGC0000168	8-O-desmethylanthrotainin				
BGC0000170	yanuthone D	10436112			
BGC0000171	9-methylstreptimidone				
BGC0000172	basiliskamides				
BGC0000173	bongkrekic acid	5381207			4938689
BGC0000173	isobongkrekic acid				
BGC0000174	bryostatin	25235992			
BGC0000175	cycloheximide	6197			
BGC0000176	difficidin	6438594			
BGC0000177	iso-migrastatin	15940571		1221912	
BGC0000177	migrastatin	11016431			
BGC0000177	Dorrigocin A	44543743			
BGC0000177	Dorrigocin B	44543727			
BGC0000177	13-epi-Dorrigocin A	44543739			
BGC0000178	Elansolid A1				
BGC0000179	Etnangien				
BGC0000180	Legioliulin				
BGC0000181	macrolactin A	6451096			
BGC0000182	Pseudomonic acid A				393914
BGC0000183	paenimacrolidin				
BGC0000184	Sorangicin A				
BGC0000185	tartrolon	71589684			
BGC0000186	thailandamide A				
BGC0000186	thailandamide B				
BGC0000186	thailandamide lactone				
BGC0000187	asukamycin	6441014			
BGC0000188	Saxitoxin	37165	34970	501134	34106
BGC0000188	Neosaxitoxin	104753			19975931
BGC0000188	decarbamoylsaxitoxin 	24941628			94709
BGC0000188	gonyautoxin 3				2342141
BGC0000188	gonyautoxin 2	11593018	80769		
BGC0000189	Xenocyloin A				
BGC0000189	Xenocyloin B				
BGC0000189	Xenocyloin C				
BGC0000189	Xenocyloin D				
BGC0000190	A-74528	16037488			
BGC0000191	aclacinomycin	308141			
BGC0000192	aclacinomycin	308141			
BGC0000193	aclacinomycin	308141			
BGC0000194	Actinorhodin	5280985	2448		16735642
BGC0000195	alnumycin A				
BGC0000195	alnumycin B				
BGC0000195	alnumycin C				
BGC0000195	alnumycin P				
BGC0000195	prealnumycin				
BGC0000195	thalnumycin A				
BGC0000195	thalnumycin B				
BGC0000195	K1115A				
BGC0000195	1,6-dihydro-8-propylanthraquinone				
BGC0000196	AQ-256				
BGC0000196	AQ-270a				
BGC0000196	AQ-284a				
BGC0000197	Aranciamycin	15177995		1096602	
BGC0000198	Arenimycin A				
BGC0000199	Arimetamycin B				
BGC0000199	Arimetamycin C				
BGC0000199	Arimetamycin A				
BGC0000200	Arixanthomycin A				
BGC0000200	Arixanthomycin B				
BGC0000200	Arixanthomycin C				
BGC0000201	auricin				
BGC0000202	azicemicin	3074821			
BGC0000203	BE-7585A				
BGC0000204	Benastatin A	126408			170880
BGC0000204	Benastatin B	126409			112338
BGC0000204	BE43767				
BGC0000204	TAN1532B				
BGC0000205	bryostatin	6438934			
BGC0000206	chartreusin	5281394			4444748
BGC0000207	chartreusin	5281394			
BGC0000208	chelocardin	71402			
BGC0000209	chlortetracycline	54676345			
BGC0000210	chromomycin A3	5351560			
BGC0000211	chrysomycin	16219149			
BGC0000212	Cinerubin B				66267
BGC0000213	colabomycin E				
BGC0000214	cosmomycin	156935			
BGC0000215	curamycin	71587265			
BGC0000216	dactylocycline	54693033			
BGC0000217	daunorubicin	30323			
BGC0000218	doxorubicin	31703			
BGC0000219	elloramycin				
BGC0000220	Enterocin				
BGC0000221	erdacin				
BGC0000222	FD-594				
BGC0000223	Rabelomycin	443810			
BGC0000223	Dehydrorabelomycin	443801			
BGC0000223	Fluostatin F	71460594			
BGC0000223	Fluostatin G				
BGC0000223	Fluostatin H				
BGC0000224	fredericamycin A	5384075			
BGC0000225	frenolicin	163292			
BGC0000226	gilvocarcin	334288			
BGC0000227	granaticin				
BGC0000228	granaticin	29843			
BGC0000229	grincamycin				
BGC0000230	griseorhodin A	5458191			
BGC0000231	griseusin				
BGC0000232	hatomarubigin	196899			
BGC0000233	hedamycin	98033			
BGC0000234	jadomycin	443806			
BGC0000235	kiamycin				
BGC0000236	kinamycin	161863			
BGC0000237	lactonamycin Z				
BGC0000238	lactonamycin	3075475			
BGC0000239	Landomycin A	368342	70064		8164333
BGC0000240	lomaiviticin A	56841540			
BGC0000240	lomaiviticin C				
BGC0000240	lomaiviticin D				
BGC0000240	lomaiviticin E				
BGC0000241	Lomaiviticin A	56841540			10263582
BGC0000241	Lomaiviticin C				
BGC0000241	Lomaiviticin D				
BGC0000241	Lomaiviticin E				
BGC0000242	lysolipin	5492139			
BGC0000243	macrotetrolide 				
BGC0000244	macrotetrolide 				
BGC0000245	medermycin	3035536			
BGC0000246	mithramycin	163659			
BGC0000247	mithramycin				
BGC0000248	naphtocyclinone				
BGC0000249	nogalamycin	5289019			
BGC0000250	nogalaviketone				
BGC0000250	nogalonic acid				
BGC0000250	nogalonic acid methyl ester				
BGC0000250	nogalavinone				
BGC0000250	3',4'-demethoxynogalose-nogalamycinone				
BGC0000250	3',4'-demethoxynogalose-1-hydroxynogalamycinone				
BGC0000250	nogalamycin F				
BGC0000250	nogalamycin R				
BGC0000250	nogalamycin	14965			
BGC0000251	nogalamycin	5289019			
BGC0000252	nonactin	72519			
BGC0000253	oviedomycin	5323531			
BGC0000254	oxytetracycline	5280972			
BGC0000255	pederin	5381287			
BGC0000256	pradimicin	5479145			
BGC0000257	prodigiosin	5351169			
BGC0000258	prodigiosin	5351169			
BGC0000259	prodigiosin	5351169			
BGC0000260	prodigiosin	5351169			
BGC0000261	R1128				
BGC0000262	prejadomycin				
BGC0000262	rabelomycin				
BGC0000262	gaudimycin C				
BGC0000262	gaudimycin D				
BGC0000262	UWM6				
BGC0000262	gaudimycin A				
BGC0000263	ravidomycin	126647			
BGC0000264	resistomycin	5282060			4445287
BGC0000264	resistoflavin	198084			171446
BGC0000265	rhodomycin	5351236			
BGC0000266	rubromycin	5378308			
BGC0000267	Saquayamycin Z				
BGC0000268	Sch47554				
BGC0000268	Sch47555				
BGC0000269	SF2575	54702959			
BGC0000270	simocyclinone	46230267			
BGC0000271	spore pigment				
BGC0000272	spore pigment				
BGC0000273	steffimycin				
BGC0000274	Tetarimycin A				
BGC0000274	Tetarimycin B				
BGC0000275	tetracenomycin C				
BGC0000276	Urdamycin A		32279		
BGC0000277	urdamycin	175975			
BGC0000278	urdamycin	175975			
BGC0000279	xantholipin				
BGC0000280	2,4-diacetylphloroglucinol	16547			
BGC0000281	2,4-Diacetylphloroglucinol	16547			
BGC0000282	alkylresorcinol				
BGC0000283	cetoniacytone A				
BGC0000284	phenolic lipids				
BGC0000285	Flaviolin rhamnoside				
BGC0000285	3,3'-diflaviolin				
BGC0000285	Flaviolin	160478			
BGC0000286	viguiepinol	25245076			
BGC0000287	2-amino-4-methoxy-trans-3-butenoic acid	6440994			
BGC0000288	A-503083 A				
BGC0000288	A-503083 B				
BGC0000288	A-503083 E				
BGC0000288	A-503083 F				
BGC0000289	A40926				32741751
BGC0000290	A47934	16131155			
BGC0000291	A54145				
BGC0000292	acetylaranotin	161315			
BGC0000293	acetylaszonalenin				
BGC0000294	acinetobactin 	5492097			
BGC0000295	acinetoferrin				
BGC0000296	actinomycin	2019			
BGC0000297	Aeruginoside 126B				
BGC0000297	Aeruginoside 126A				
BGC0000298	Aeruginosin 98-A				8502749
BGC0000298	Aeruginosin 98-B	444346			392303
BGC0000298	Aeruginosin 98-C				9977735
BGC0000299	alterochromides				
BGC0000300	amychelin	24205476			
BGC0000301	anabaenopeptin	44558924			
BGC0000302	anabaenopeptin	44558924			
BGC0000303	anthramycin	5311005			
BGC0000304	apicidin	467801			
BGC0000305	Arthrofactin A				
BGC0000306	Arylomycin	54586211			
BGC0000307	aureobasidin A1	72050			
BGC0000308	aureusimine				
BGC0000309	bacillibactin	125349			
BGC0000310	bacitracin	65281			
BGC0000311	balhimycin	16131414			
BGC0000312	bassianolide	163065			
BGC0000313	beauvericin	3007984			
BGC0000314	bromoalterochromide A				
BGC0000315	CDA1b				
BGC0000315	CDA2a				
BGC0000315	CDA2b				
BGC0000315	CDA3a				
BGC0000315	CDA3b				
BGC0000315	CDA4a				
BGC0000315	CDA4b				
BGC0000316	capreomycin	3000502			
BGC0000317	cephalosporin C	65536			58980
BGC0000318	cephalosporin, cefEFG genes	25058126			
BGC0000319	cephamycin C				
BGC0000320	Cereulide				
BGC0000321	chaetocin	161591			
BGC0000322	chloroeremomycin	445806			
BGC0000323	cichofactin A				
BGC0000323	cichofactin B				
BGC0000324	coelibactin				
BGC0000325	coelichelin	3247071			
BGC0000326	complestatin	16129736			
BGC0000327	congocidine	4461			
BGC0000328	coronatine	91681			
BGC0000329	corpeptin				
BGC0000330	cupriachelin				
BGC0000331	cyanopeptin				
BGC0000332	cyanopeptolin	46881045			
BGC0000333	cyclomarin D	25220882			
BGC0000334	cyclosporin	6435893			
BGC0000335	cystomanamides				
BGC0000336	daptomycin	21585658			
BGC0000337	destruxin	122810			
BGC0000338	Echinocandin B	456858			
BGC0000339	echinomycin	3197			
BGC0000340	echosides				
BGC0000341	enduracidin	46886765			
BGC0000342	enniatin	16727692			
BGC0000343	enterobactin	34231			
BGC0000344	entolysin				
BGC0000345	eponemycin	196802			
BGC0000346	epoxomicin	9915668			
BGC0000347	equibactin				
BGC0000348	ergovaline				
BGC0000349	erythrochelin				
BGC0000350	ET-743				
BGC0000351	exochelin				
BGC0000352	Fimsbactin A				
BGC0000353	FK506	6473866			
BGC0000354	friulimicin				
BGC0000355	fumiquinazoline A	11247802			
BGC0000355	fumiquinazoline C	10003515			
BGC0000355	fumiquinazoline D	9980845			
BGC0000356	verruculogen	104862			
BGC0000356	fumitremorgin B	105113			
BGC0000356	fumitremorgin c	403923			
BGC0000356	tryprostatin A				
BGC0000356	tryprostatin B	9863281			
BGC0000356	demethoxyfumitremorgin C	10337896			
BGC0000356	brevianamide F	181567			
BGC0000357	cyclo-(D-Phe-L-Phe-D-Val-L-Val)				
BGC0000357	cyclo-(D-Tyr-L-Phe-D-Val-L-Val)				
BGC0000357	cyclo-(D-Tyr-L-Trp-D-Val-L-Val)				
BGC0000357	cyclo-(D-Phe-L-Trp-D-Val-L-Val)				
BGC0000357	cyclo-(D-Phe-L-Phe-D-Val-L-Ile)				
BGC0000357	cyclo-(D-Phe-L-Phe-D-Ile-L-Val)				
BGC0000357	cyclo-(D-Tyr-L-Trp-D-Val-L-Ile)				
BGC0000357	cyclo-(D-Tyr-L-Trp-D-Ile-L-Val)				
BGC0000357	cyclo-(D-Tyr-L-Phe-D-Val-L-Ile)				
BGC0000357	cyclo-(D-Tyr-L-Phe-D-Ile-L-Val)				
BGC0000358	fusaricidin				
BGC0000359	fuscachelin				
BGC0000360	GE81112				
BGC0000361	Gliotoxin	6223			
BGC0000361	Bisdethiobis(methylthio)gliotoxin	135171858			
BGC0000362	glycopeptidolipid	46224591			
BGC0000363	glycopeptidolipid				
BGC0000364	glycopeptidolipid				
BGC0000365	glycopeptidolipid				
BGC0000366	gobichelin				
BGC0000367	gramicidin	16130140			
BGC0000368	griseobactin				
BGC0000369	Hassallidin C				
BGC0000370	HC-toxin	107864			
BGC0000371	heterobactin A				30900652
BGC0000371	heterobactin S2				
BGC0000372	hexadehydroastechrome				
BGC0000372	terezine D	10245773			
BGC0000372	astechrome				
BGC0000373	holomycin	10262683			
BGC0000374	hormaomycin				
BGC0000374	hormaomycin A1				
BGC0000374	hormaomycin A2				
BGC0000374	hormaomycin A3				
BGC0000374	hormaomycin A4				
BGC0000374	hormaomycin A5				
BGC0000374	hormaomycin A6				
BGC0000375	indigoidine	5492261			
BGC0000376	JBIR-34, JBIR-35				
BGC0000377	koranimine				
BGC0000378	kutznerides	44566399			
BGC0000379	laspartomycin	71718509			
BGC0000380	Leupyrrin				
BGC0000381	lichenysin				
BGC0000382	lipstatin	6438672			
BGC0000383	Luminmycin				
BGC0000384	Lyngbyatoxin	91706	80050		10472344
BGC0000385	lysobactin	197270			
BGC0000386	Malleobactin A				
BGC0000386	malleobactin B				
BGC0000386	malleobactin C				
BGC0000386	malleobactin D				
BGC0000387	mangotoxin				
BGC0000388	mannopeptimycin	90658418			
BGC0000389	massetolide A			500573	
BGC0000391	methylpendolmycin				
BGC0000391	pendolmycin				
BGC0000392	mirubactin				
BGC0000393	Myxoprincomide-c506				
BGC0000394	naphthyridinomycin	3085238			
BGC0000395	nocardicin A	6419429			
BGC0000396	nodularin	14217092			
BGC0000397	nostocyclopeptide	10509499			
BGC0000398	Orfamide B				
BGC0000399	Orfamide A				
BGC0000399	Orfamide B				
BGC0000399	Orfamide C				
BGC0000400	paenibacterin				
BGC0000401	paenibactin				
BGC0000402	paenilarvins				
BGC0000403	pelgipeptin				
BGC0000404	penicillin	23668834			
BGC0000405	delta-(L-alpha-aminoadipyl)-L-cysteine-D-valine		58572		
BGC0000405	isopenicillin N		18165		
BGC0000405	Benzylpenicillin		51765		
BGC0000405	Phenoxymethylpenicillin 			615	
BGC0000406	Phosphinothricintripeptide	25244585			
BGC0000407	plipastatin	5491283			
BGC0000408	polymyxin	5702105			
BGC0000409	porothramycin	6439234			
BGC0000410	pseudomonine				
BGC0000411	putisolvin				
BGC0000412	pyochelin	5462518			
BGC0000413	pyoverdine	5289234			
BGC0000414	quinocarcin	158486			
BGC0000415	quinomycin	3197			
BGC0000416	Rhabdopeptide 1				
BGC0000416	Rhabdopeptide 2				
BGC0000416	Rhabdopeptide 3				
BGC0000416	Rhabdopeptide 4				
BGC0000417	rhodochelin				
BGC0000418	ristocetin	16131418			
BGC0000419	Ristomycin A	16131418			
BGC0000420	histidyltryptophanyldiketopiperazine				
BGC0000420	dehydrohistidyltryptophanyldiketopiperazine				
BGC0000420	roquefortine D				
BGC0000420	roquefortine C	324941			
BGC0000420	glandicoline A				
BGC0000420	glandicoline B				
BGC0000420	meleagrin	6437857			
BGC0000421	safracin	160294			
BGC0000422	saframycin A	3086522			
BGC0000423	scabichelin				
BGC0000424	Serobactin C				
BGC0000424	Serobactin B				
BGC0000424	Serobactin A				
BGC0000425	sessilin A				
BGC0000426	Sevadicin				
BGC0000427	shinorine				
BGC0000427	4-deoxygadusol				
BGC0000427	mycosporine glycine				
BGC0000428	sibiromycin	6437361			
BGC0000429	Skyllamycin A				
BGC0000430	spumigin E	71449303			
BGC0000431	Stenothricin				
BGC0000432	streptothricin	198906			
BGC0000433	surfactin				391754
BGC0000434	SW-163C	6857738			
BGC0000434	SW-163D	91828197			
BGC0000434	SW-163E	6857739			
BGC0000434	SW-163F	101478662			
BGC0000434	SW-163G	101478663			
BGC0000435	syringafactin				
BGC0000436	syringolin A	24978526			
BGC0000437	syringomycin	11966095			
BGC0000438	syringopeptin				
BGC0000439	Taromycin A				
BGC0000440	teicoplanin	16162959			
BGC0000441	teicoplanin	16162959			
BGC0000442	terrequinone A				
BGC0000443	thanamycin				
BGC0000444	thaxtomin	180098			
BGC0000445	thiocoraline				
BGC0000446	tilivalline	128363			
BGC0000446	9-deoxy tilivalline				
BGC0000446	dihydroxy tilivalline				
BGC0000446	dehydro tilivallin				
BGC0000446	dihydroxy-dehydro tilivallin				
BGC0000447	tolaasin I	44559556			23327101
BGC0000447	tolaasin F				
BGC0000448	tomaymycin	6436800			
BGC0000449	tridecaptin				
BGC0000450	triostin A	316447			
BGC0000451	turnerbactin				
BGC0000452	tyrocidine	16129635			
BGC0000453	Valinomycin				
BGC0000454	vanchrobactin	16658367			
BGC0000455	vancomycin	14969			
BGC0000456	verlamelin	194619			
BGC0000457	vicibactin				
BGC0000458	viomycin	3034080			
BGC0000459	griseoviridin				
BGC0000459	viridogrisein				
BGC0000460	vulnibactin	5487539			
BGC0000461	WAP-8294A2 (lotilibcin)	16184172			
BGC0000462	WLIP				
BGC0000463	xantholysin A				
BGC0000463	xantholysin B				
BGC0000463	xantholysin C				
BGC0000464	Xenoamicin A				
BGC0000464	Xenoamicin B				
BGC0000465	Xenortide A	24900168			
BGC0000465	Xenortide B	24900169			
BGC0000465	Xenortide C				
BGC0000465	Xenortide D				
BGC0000466	yatakemycin	11721692			
BGC0000467	yersiniabactin	5462519			
BGC0000468	Bottromycin A2				26365309
BGC0000469	bottromycin A2	3081434			
BGC0000470	bottromycin D				
BGC0000471	viridisamide A				
BGC0000472	anacyclamide				
BGC0000473	microcyclamide	10555282			
BGC0000474	microcyclamide	10555282			
BGC0000475	patellamide A	157454			
BGC0000475	patellamide C	9767970			
BGC0000476	Patellamide B				
BGC0000477	patellin 2 	24762149			
BGC0000477	patellin 3	24762150			
BGC0000478	patellin 6	10350938			
BGC0000478	trunkamide	9811230			
BGC0000479	prenylagaramide B	10629643			
BGC0000479	prenylagaramide C				
BGC0000480	tenuecyclamide A	24762151			
BGC0000480	tenuecyclamide C	10720367			
BGC0000481	trichamide	24762144			
BGC0000482	trunkamide	9811230			
BGC0000483	Aeruginosamide B				
BGC0000483	Aeruginosamide C				
BGC0000484	glycocin F				
BGC0000485	acidocin B				
BGC0000486	butyrivibriocin AR10				
BGC0000487	carnocyclin				
BGC0000488	circularin A				
BGC0000489	enterocin AS-48				
BGC0000490	garvicin ML				
BGC0000491	gassericin A				
BGC0000492	lactocyclicin Q				
BGC0000493	leucocyclicin Q				
BGC0000494	uberolysin				
BGC0000495	actagardine	16132310			
BGC0000496	AmfS				
BGC0000497	BhtA1				
BGC0000497	BhtA2				
BGC0000498	bovicin HJ50				
BGC0000499	butyrivibriocin OR79				
BGC0000500	carnolysin A1				
BGC0000500	carnolysin A2				
BGC0000501	catenulipeptin				
BGC0000502	cerecidin				
BGC0000502	cerecidin A1				
BGC0000502	cerecidin A2				
BGC0000502	cerecidin A3				
BGC0000502	cerecidin A4				
BGC0000502	cerecidin A5				
BGC0000502	cerecidin A6				
BGC0000502	cerecidin A7				
BGC0000503	Cinnamycin	135309121			
BGC0000504	cytolysin ClyLl				
BGC0000504	cytolysin ClyLs				
BGC0000505	enterocin W alpha				
BGC0000505	enterocin W beta				
BGC0000506	Entianin				
BGC0000507	epicidin				
BGC0000508	epidermin	16132391			
BGC0000509	epilancin 15X				
BGC0000510	epilancin K7				
BGC0000511	Ericin S				
BGC0000513	Ery-9				
BGC0000513	Ery-6				
BGC0000513	Ery-8				
BGC0000513	Ery-7				
BGC0000513	Ery-5				
BGC0000513	Ery-4				
BGC0000513	Ery-3				
BGC0000514	gallidermin	73348284			
BGC0000515	geobacillin I				
BGC0000516	geobacillin II				
BGC0000517	Haloduracin beta				
BGC0000517	Haloduracin alpha				
BGC0000518	Informatipeptin				
BGC0000519	Labyrinthopeptin A2				
BGC0000519	Labyrinthopeptin A1				
BGC0000519	Labyrinthopeptin A3				
BGC0000520	lacticin 3147 A1				
BGC0000520	lacticin 3147 A2				
BGC0000521	lacticin 481				
BGC0000522	lacticin Z				
BGC0000523	lactocin S				
BGC0000525	lichenicidin VK21 A1				
BGC0000525	lichenicidin VK21 A2				
BGC0000526	macedocin				
BGC0000527	mersacidin	16132433			
BGC0000528	michiganin A				
BGC0000529	microbisporicin A2				
BGC0000530	mutacin B-Ny266				
BGC0000531	mutacin I				
BGC0000532	mutacin II				
BGC0000533	mutacin III				
BGC0000534	mutacin K8				
BGC0000535	nisin A	16130280			
BGC0000536	nisin Q				
BGC0000537	nisin U				
BGC0000538	nisin Z				
BGC0000539	nukacin ISK-1				
BGC0000540	paenibacillin				
BGC0000541	paenicidin A				
BGC0000542	paenicidin B				
BGC0000543	pep5	16132355			
BGC0000544	planosporicin				
BGC0000545	ruminococcin A				
BGC0000546	SAL-2242				
BGC0000547	salivaricin 9				
BGC0000548	salivaricin A				
BGC0000549	salivaricin D				
BGC0000550	salivaricin G32				
BGC0000551	SapB				
BGC0000552	Smb A				
BGC0000552	Smb B				
BGC0000553	SRO15-2212				
BGC0000554	SRO15-3108				
BGC0000555	staphylococcin C55 alpha				
BGC0000555	staphylococcin C55 beta				
BGC0000556	streptin				
BGC0000557	streptococcin A-FF22				
BGC0000558	sublancin 168				
BGC0000559	Subtilin				
BGC0000560	Subtilomycin				
BGC0000561	thermophilin 1277				
BGC0000562	variacin				
BGC0000563	Venezuelin				
BGC0000564	clostridiolysin S				
BGC0000565	goadsporin				
BGC0000566	Streptolysin S				
BGC0000567	trifolitoxin 				
BGC0000568	microcin B17				
BGC0000569	plantazolicin				28419936
BGC0000570	astexin-1				
BGC0000571	burhizin				
BGC0000572	capistruin				
BGC0000573	caulonodin I				
BGC0000573	caulonodin II				
BGC0000574	caulosegnin I				
BGC0000574	caulosegnin II				
BGC0000574	caulosegnin III				
BGC0000575	lariatin	45271551			
BGC0000576	rubrivinodin				
BGC0000577	sphingonodin II				
BGC0000578	SRO15-2005				
BGC0000579	SSV-2083				
BGC0000580	xanthomonin I				
BGC0000580	xanthomonin II				
BGC0000581	microcin J25	57397977			
BGC0000582	cypemycin				
BGC0000583	grisemycin				
BGC0000584	Colicin V				
BGC0000585	microcin C7				
BGC0000586	microcin E492				
BGC0000587	Microcin H47				
BGC0000588	microcin L				
BGC0000589	Microcin M				
BGC0000590	microcin N				
BGC0000591	marinostatin	42624949			
BGC0000592	Microviridin B				
BGC0000593	microviridin J				
BGC0000594	microviridin K				
BGC0000595	SCO-2138				
BGC0000596	SLI-2138				
BGC0000597	SWA-2138				
BGC0000598	polytheonamide A	44602391			
BGC0000598	polytheonamide B	44602381			
BGC0000599	thuricin CD alfa				
BGC0000599	thuricin CD beta				
BGC0000600	thurincin H				
BGC0000601	sporulation killing factor				
BGC0000602	subtilosin A	16132390			
BGC0000603	cyclothiazomycin A				
BGC0000604	GE2270A				
BGC0000605	GE37468				
BGC0000606	lactazole				
BGC0000607	micrococcin P1	6446886			
BGC0000608	nocathiacin	54737477			
BGC0000609	nocathiacin	54737477			
BGC0000610	nosiheptide	70691386			
BGC0000611	siomycin	23694254			
BGC0000612	Thiocillin I	6446118			
BGC0000613	thiomuracin				
BGC0000614	thiostrepton	16129666			
BGC0000615	TP-1161				
BGC0000616	amylocyclicin				
BGC0000617	coagulin				
BGC0000618	enterocin A				
BGC0000619	gassericin T				
BGC0000620	lacticin Q				
BGC0000621	linaclotide	16158208			
BGC0000622	megacin				
BGC0000623	plantaricin W alpha				
BGC0000623	plantaricin W beta				
BGC0000624	salivaricin CRL1328 alpha peptide				
BGC0000624	salivaricin CRL1328 beta peptide				
BGC0000625	thioviridamide				
BGC0000626	thuricin				
BGC0000627	ustiloxin B	9552083			
BGC0000628	lactocillin				
BGC0000629	aflatrem	107718			
BGC0000630	astaxanthin	5368397			
BGC0000631	botrydial	185781			
BGC0000632	brasilicardin A				
BGC0000633	carotenoid	446841			
BGC0000634	carotenoid	446841			
BGC0000635	carotenoid	446841			
BGC0000636	carotenoid	446841			
BGC0000637	carotenoid	446841			
BGC0000638	carotenoid	446841			
BGC0000639	carotenoid	446841			
BGC0000640	carotenoid	446841			
BGC0000641	carotenoid	446841			
BGC0000642	carotenoid	446841			
BGC0000643	carotenoid	446841			
BGC0000644	carotenoid	446841			
BGC0000645	carotenoid	446841			
BGC0000646	beta-carotein	5280489			
BGC0000647	carotenoid	446841			
BGC0000648	carotenoid	446841			
BGC0000649	carotenoid	446841			
BGC0000650	carotenoid	156935			
BGC0000651	KS-505a	3081782			
BGC0000652	napyradiomycin	6438953			
BGC0000653	pentalenolactone	24199350			
BGC0000654	Phenalinolactone A				28288564
BGC0000655	siomycin	16130279			
BGC0000656	zeaxanthin	5280899			
BGC0000657	2-methylisoborneol	9237955			
BGC0000658	2-methylisoborneol	16913			
BGC0000659	2-methylisoborneol	16913			
BGC0000660	albaflavenone	25137938			
BGC0000661	geosmin	29746			
BGC0000662	grixazone				
BGC0000663	hopene	92155			
BGC0000664	isorenieratene	9984420			
BGC0000665	xiamycin A	38358410			26364073
BGC0000666	xiamycin A	38358410			
BGC0000667	PR toxin	56844124			
BGC0000668	12-epi-hapalindole C				
BGC0000668	12-epi-hapalindole E				
BGC0000668	12-epi-fischerindole U				
BGC0000668	12-epi-fischerindole G				
BGC0000668	12-epi-fischerindole I				
BGC0000668	welwitindolinone A isonitrile				9676041
BGC0000668	Welwitindolinone B isothiocyanate				
BGC0000668	welwitindolinone C isothiocyanate				
BGC0000668	N-methyl-welwitindolinone C isothiocyanate				
BGC0000668	N-methyl-welwitindolinone C isonitrile				
BGC0000668	N-methyl-welwitindolinone B isothiocyanate				
BGC0000668	3-(Z-2'-isocyanoethenyl)-indole				
BGC0000669	Marneral	25001002			
BGC0000670	Thalianol	25229600			
BGC0000670	Thaliandiol	3008858			
BGC0000671	momilactone	162644			
BGC0000672	phytocassane	10313699			
BGC0000672	oryzalides	90658693			
BGC0000673	ent-pimara-8(14),15-diene				21865696
BGC0000674	(-)-delta-cadinene	12306055			
BGC0000675	(+)-T-muurolol 	51394521			
BGC0000676	aphidicolin	457964	2766	29711	10280269
BGC0000676	Aphidicolan-16beta-ol	443480	29519		23106949
BGC0000676	3-deoxyaphidicolin	135046			119001
BGC0000676	17-deoxyaphidicolin				
BGC0000677	cyclooctatin	5467942			
BGC0000678	pentalenolactone	24199350			
BGC0000679	diazepinomicin	9868980			
BGC0000680	austinol	3085683			
BGC0000680	dehydroaustinol				
BGC0000682	terretonin	16196970			
BGC0000683	avermitilol				
BGC0000684	asperthecin				
BGC0000685	brassicicene C				
BGC0000686	helvolic acid 	3002143			
BGC0000687	phyllocladan-16alpha-ol	56928121			
BGC0000688	copalyl diphosphate	5281990			
BGC0000689	2-deoxystreptamine	98959			
BGC0000690	5'-hydroxystreptomycin 	23267			
BGC0000691	acarbose	41774			
BGC0000692	apramycin	71428			
BGC0000693	butirosin	39862			
BGC0000694	butirosin	39862			
BGC0000695	fortimicin	51565			
BGC0000696	gentamicin	72396			
BGC0000697	gentamicin	72396			
BGC0000698	hygromycin A	6433481			
BGC0000699	hygromycin B	6433481			
BGC0000700	istamycin	3056186			
BGC0000701	jinggangmycin				
BGC0000702	kanamycin	6032			
BGC0000703	kanamycin	6032			
BGC0000704	kanamycin	6032			
BGC0000705	kanamycin	6032			
BGC0000706	kanamycin	6032			
BGC0000707	kasugamycin	265071			
BGC0000708	lividomycin	72394			
BGC0000709	neomycin	8378			
BGC0000710	neomycin	8378			
BGC0000711	neomycin	8378			
BGC0000712	paromomycin	165580			
BGC0000713	ribostamycin	33042			
BGC0000714	sisomicin	36119			
BGC0000715	spectinomycin	15541			
BGC0000716	spectinomycin	15541			
BGC0000717	streptomycin	19649			
BGC0000718	streptomycin	19649			
BGC0000719	tobramycin	36294			
BGC0000720	tobramycin	36294			
BGC0000721	tobramycin	36294			
BGC0000722	validamycin A				
BGC0000723	validamycin	25200432			
BGC0000724	streptomycin	19649			
BGC0000725	alginate	25202446			
BGC0000726	alginate	25202446			
BGC0000727	auricin deoxysugar moieties				
BGC0000728	capsular polysaccharide	3083199			
BGC0000729	capsular polysaccharide	3083199			
BGC0000730	capsular polysaccharide	3083199			
BGC0000731	capsular polysaccharide	3083199			
BGC0000732	capsular polysaccharide				
BGC0000733	capsular polysaccharide	3083199			
BGC0000734	capsular polysaccharide				
BGC0000735	capsular polysaccharide				
BGC0000736	capsular polysaccharide				
BGC0000737	capsular polysaccharide				
BGC0000738	capsular polysaccharide				
BGC0000739	capsular polysaccharide				
BGC0000740	capsular polysaccharide	3083207			
BGC0000741	capsular polysaccharide	3083207			
BGC0000742	capsular polysaccharide	3083207			
BGC0000743	capsular polysaccharide	3083207			
BGC0000744	capsular polysaccharide	3083207			
BGC0000745	capsular polysaccharide	3083207			
BGC0000746	capsular polysaccharide	3083207			
BGC0000747	capsular polysaccharide	3083207			
BGC0000748	capsular polysaccharide	3083207			
BGC0000749	capsular polysaccharide				
BGC0000750	capsular polysaccharide	195740			
BGC0000751	capsular polysaccharide	195740			
BGC0000752	capsular polysaccharide	195740			
BGC0000753	capsular polysaccharide	195740			
BGC0000754	capsular polysaccharide				
BGC0000755	capsular polysaccharide				
BGC0000756	capsular polysaccharide				
BGC0000757	capsular polysaccharide				
BGC0000758	capsular polysaccharide 				
BGC0000759	diutan polysaccharide				
BGC0000760	emulsan				
BGC0000761	exopolysaccharide				
BGC0000762	exopolysaccharide				
BGC0000763	stewartan				
BGC0000764	exopolysaccharide				
BGC0000765	exopolysaccharide				
BGC0000766	exopolysaccharide				
BGC0000767	exopolysaccharide				
BGC0000768	gellan polysaccharide				
BGC0000769	glycopeptidolipid				
BGC0000770	lipo-oligosaccharide				
BGC0000771	lipo-oligosaccharide				
BGC0000772	lipopolysaccharide	11970143			
BGC0000773	lipopolysaccharide	11970143			
BGC0000774	lipopolysaccharide				
BGC0000775	lipopolysaccharide	11970143			
BGC0000776	lipopolysaccharide	11970143			
BGC0000777	lipopolysaccharide	11970143			
BGC0000778	lipopolysaccharide				
BGC0000779	lipopolysaccharide				
BGC0000780	O&K-antigen				
BGC0000781	O-antigen				
BGC0000782	O-antigen				
BGC0000783	O-antigen				
BGC0000784	O-antigen				
BGC0000785	O-antigen				
BGC0000786	O-antigen				
BGC0000787	O-antigen				
BGC0000788	O-antigen				
BGC0000789	O-antigen				
BGC0000790	O-antigen				
BGC0000791	O-antigen				
BGC0000792	polysaccharide				
BGC0000793	lipopolysaccharide oligosaccharide				
BGC0000794	S-layer glycan				
BGC0000795	S-layer glycan				
BGC0000796	S-layer glycan				
BGC0000797	sphingan polysaccharide				
BGC0000798	dhurrin	161355			
BGC0000799	colanic acid				
BGC0000800	xanthan	52940152			
BGC0000801	galactoglucan				
BGC0000802	succinoglycan				
BGC0000803	GG exopolysaccharide				
BGC0000804	acarviostatin				
BGC0000805	moenomycin	46926246			
BGC0000806	phosphonoglycans				
BGC0000807	phosphonoglycans				
BGC0000808	Cepacian				
BGC0000809	AT2433	128141			
BGC0000810	benzoxazinone DIMBOA	2358			
BGC0000811	fumigaclavine C	173878			
BGC0000812	huperzine A	5912039			
BGC0000813	K-252a	3035817			
BGC0000814	K-252a	3035817			
BGC0000815	loline alkaloids				
BGC0000816	Malbrancheamide A				
BGC0000817	methylarcyriarubin				
BGC0000818	Notoamide A				
BGC0000819	parahequamide A				
BGC0000820	physostigmine	5983			
BGC0000821	rebeccamycin				
BGC0000822	rebeccamycin				
BGC0000823	rebeccamycin	73110			
BGC0000824	Scytonemin			505177	16736974
BGC0000825	staurosporine	44259			
BGC0000826	staurosporine	44259			
BGC0000827	staurosporine	44259			
BGC0000828	violacein	9928039			
BGC0000829	violacein				8103672
BGC0000830	Violacein	9928039			
BGC0000831	violacein	9928039			
BGC0000832	clorobiocin	54706138			
BGC0000833	Coumermycin A1	54720057			
BGC0000834	novobiocin	54675769			
BGC0000835	simocyclinone	46230267			
BGC0000836	APE Ec				
BGC0000837	APE Vf				
BGC0000838	flexirubin				
BGC0000839	Flexirubin	6450309			
BGC0000840	xanthomonadin				
BGC0000841	alanylclavam	194618			
BGC0000841	2-Hydroxymethylclavam	3050259			
BGC0000841	2-Formyloxymethylclavam	46173888			
BGC0000841	Clavam-2-carboxylate	15573391			
BGC0000841	CLAVULANIC ACID	5280980			
BGC0000842	carbapenem MM 4550 				
BGC0000843	Alanylclavam	194618			168852
BGC0000843	2-Hydroxymethylclavam	3050259			2312342
BGC0000843	2-Formyloxymethylclavam	46173888			
BGC0000843	Clavam-2-carboxylate	15573391			
BGC0000844	clavulanic acid	5280980			
BGC0000845	clavulanic acid	5280980			
BGC0000846	tabtoxin	107817			
BGC0000847	thienamycin				
BGC0000848	A-factor	119102			
BGC0000849	SCB1				
BGC0000849	SCB2				
BGC0000849	SCB3				
BGC0000850	gamma-butyrolactone				
BGC0000851	albonoursin	6109346			
BGC0000852	ectoine	126041			
BGC0000853	ectoine	126041			
BGC0000854	ectoine	126041			
BGC0000855	ectoine	126041			
BGC0000856	ectoine	126041			
BGC0000857	ectoine	126041			
BGC0000858	ectoine	126041			
BGC0000859	ectoine	126041			
BGC0000860	ectoine	126041			
BGC0000861	eicosapentaenoic acid	446284			
BGC0000862	eicosapentaenoic acid	446284			
BGC0000863	eicosapentaenoic acid	446284			
BGC0000864	eicosapentaenoic acid-like compound				
BGC0000865	eicoseicosapentaenoic acid	446284			
BGC0000866	polyhydroxyalkanoate				
BGC0000867	polyhydroxyalkanoic acids				
BGC0000868	teichuronic acid				
BGC0000869	heterocyst glycolipids				
BGC0000870	mycolic acid				
BGC0000871	VEPE				
BGC0000871	AEPE				
BGC0000871	TG-1				
BGC0000872	A-90289 A				
BGC0000872	A-90289 B				
BGC0000873	A201A	44332012			
BGC0000874	blasticidin	16380			
BGC0000875	Caprazamycin	6481472			
BGC0000875	Caprazamycin aglycon				
BGC0000876	nikkomycin	72479			
BGC0000877	polyoxin	3084093			
BGC0000878	puromycin	439530			
BGC0000879	toyocamycin	11824			
BGC0000879	sangivamycin	14978			
BGC0000880	Tunicamycin B1				27471420
BGC0000881	toyocamycin	11824			
BGC0000882	mildiomycin	125665			
BGC0000883	arginomycin	129552			
BGC0000884	3-methylarginine	46173347			
BGC0000885	4-hydroxy-3-nitrosobenzamide 	443631			
BGC0000886	allylmalonyl-CoA				
BGC0000887	Saxitoxin	37165	34970	501134	34106
BGC0000887	gonyautoxin 2	11593018	80769		9767779
BGC0000887	gonyautoxin 3				2342141
BGC0000887	Toxin C2	104985			94734
BGC0000887	toxin C3				
BGC0000887	gonyautoxin 5	104996			94743
BGC0000887	decarbamoylsaxitoxin	24941628			94709
BGC0000887	decarbamoylgonyautoxin 2				
BGC0000887	decarbamoylgonyautoxin 3				
BGC0000888	bacilysin	160175			
BGC0000889	bagremycin				
BGC0000890	pentabromopseudilin				
BGC0000891	pentabromopseudilin				
BGC0000892	Caryoynencin	6474912			4976794
BGC0000893	chloramphenicol	5959			5744
BGC0000894	citrinin	219203			
BGC0000895	citrulline	9750			
BGC0000896	d-cycloserine	6234			
BGC0000897	dehydrophos				
BGC0000898	desosamine				
BGC0000899	desosamine	419813			
BGC0000900	ferrichrome	644246			
BGC0000901	ferrichrome	644246			
BGC0000902	flaviolin	160478			
BGC0000903	fluorometabolite				
BGC0000904	FR900098	162204			
BGC0000905	heme D1	6438545			
BGC0000906	heme D1	6438545			
BGC0000907	lincomycin	9063			
BGC0000908	melanin	6325610			
BGC0000909	melanin	6325610			
BGC0000910	melanin	6325610			
BGC0000911	melanin	6325610			
BGC0000912	melanin	6325610			
BGC0000913	menaquinone	5376507			
BGC0000914	methylenomycin	122733			
BGC0000915	mitomycin				
BGC0000916	molybdenum cofactor	25202532			
BGC0000917	molybdenum cofactor	25202532			
BGC0000918	ochronotic pigment				
BGC0000919	phaseolotoxin	5485204			
BGC0000920	polyhydroxyalkanoates				
BGC0000921	Promysalin				
BGC0000922	Pseudomonas quinolone signal (PQS)				
BGC0000923	paerucumarin				
BGC0000924	pyrrolnitrin	13916			
BGC0000925	quinolobactin				
BGC0000926	rhizocticin	6444149			
BGC0000927	roseoflavin	170973			
BGC0000928	T3 toxin				
BGC0000929	toxoflavin	66541			
BGC0000930	trichothecene	30552			
BGC0000931	trichothecene	30552			
BGC0000932	tropodithietic acid				
BGC0000933	xiamenmycin				
BGC0000934	5-Acetyl-5,10-dihydrophenazine-1-carboxylic acid				
BGC0000934	5-(2-Hydroxyacetyl)-5,10-dihydrophenazine-1-carboxylic acid				
BGC0000934	endophenazine A1				
BGC0000934	endophenazine F				
BGC0000934	endophenazine G				
BGC0000935	Esmeraldin	443757			
BGC0000936	pyocyanine	6817			
BGC0000937	fosfazinomycin				
BGC0000938	Fosfomycin	73491			
BGC0000939	aerobactin	123762			
BGC0000940	Desferrioxamine B	2973			
BGC0000940	Desferrioxamine E	161532			
BGC0000941	desferrioxamine B	2973			
BGC0000942	petrobactin				
BGC0000943	staphylobactin				
BGC0000944	Staphyloferrin A				
BGC0000945	vibriobactin	5487798			
BGC0000946	vibrioferrin	197680			
BGC0000947	vibrioferrin	197680			
BGC0000948	alpha-galactosylceramide	2826713			
BGC0000949	A-500359 A				
BGC0000949	A-500359 B				
BGC0000950	napsamycin A	3037825			
BGC0000950	napsamycin B	3037710			
BGC0000950	napsamycin C	3037898			
BGC0000950	mureidomycin A	3037004			
BGC0000950	mureidomycin B	3037873			
BGC0000951	pacidamycin 1				
BGC0000951	pacidamycin 2				
BGC0000951	pacidamycin 3				
BGC0000951	pacidamycin 4				
BGC0000951	pacidamycin 5				
BGC0000951	pacidamycin 6				
BGC0000951	pacidamycin 7				
BGC0000951	pacidamycin D	56590296			28529549
BGC0000952	pristinamycin	24847675			
BGC0000953	amicetin	221187			
BGC0000954	Ajudazol				
BGC0000955	Althiomycin				4576669
BGC0000956	andrimid	636857			
BGC0000957	ansatrienin (mycotrienin)	6447674			
BGC0000958	Antimycin	14957			
BGC0000959	aspyridone A	54710080			
BGC0000960	azinomycin B	3032396			
BGC0000961	bactobolin	54676871			
BGC0000962	barbamide				
BGC0000963	bleomycin	84068			
BGC0000964	Burkholdac A				
BGC0000965	C-1027	5281917			
BGC0000966	caerulomycin A	5381230			
BGC0000967	calyculin A	5311365			
BGC0000967	phosphocalyculin A				
BGC0000967	calyculinamide A				10476583
BGC0000967	dephosphonocalyculin A				
BGC0000968	chaetoglobosins				
BGC0000969	Chondramid A				
BGC0000970	Chondrochloren				
BGC0000971	Cinnabaramide				
BGC0000972	N-myristoyl-D-asparagine				
BGC0000972	cis-7-tetradecenoyl-D-asparagine				
BGC0000972	(R)-N1-((S)-5-oxohexan-2-yl)-2-tetradecanamidosuccinamide				
BGC0000973	collismycin A				
BGC0000974	crocacin	6476008			
BGC0000975	cryptophyicin 1	6438401			
BGC0000976	Curacin A	6438908	3961	89138	4445239
BGC0000977	cyclopiazonic acid	54682463			
BGC0000978	cylindrospermopsin	115005			26396261
BGC0000979	cylindrospermopsin	115005			
BGC0000980	cylindrospermopsin	115005			
BGC0000981	cylindrospermopsin	115005			
BGC0000982	cystothiazole A	5470965			
BGC0000983	cytochalasin E	5458385			
BGC0000983	cytochalasin K	44583793			
BGC0000984	delftibactin A	70680458			
BGC0000984	delftibactin B	70680459			
BGC0000985	Didemnin B	13895197			
BGC0000985	Nordidemnin B				
BGC0000985	Didemnin X				
BGC0000985	Didemnin Y				
BGC0000986	Dkxanthene				
BGC0000988	epothilone	448013			
BGC0000989	epothilone	448013			
BGC0000990	epothilone	448013			
BGC0000991	epothilone	448013			
BGC0000992	fusaridione A	5458342			
BGC0000993	FK228				
BGC0000994	FK520	5282071			
BGC0000995	FR901464	10553647			
BGC0000996	frontalamide B				
BGC0000997	glidobactin	6439229			
BGC0000998	guadinomine				
BGC0000999	heat-stable antifungal factor				
BGC0001000	hectochlorin	636718			
BGC0001001	Jamaicamide	49787031			
BGC0001001	Jamaicamide b	49787032			
BGC0001001	jamaicamide c	49787033			
BGC0001002	jawsamycin				
BGC0001003	alpha-lipomycin		80123		
BGC0001004	lobophorin B	44566672			
BGC0001005	locillomycin				
BGC0001006	lymphostin				
BGC0001006	neolymphostinol B				
BGC0001006	lymphostinol				
BGC0001006	neolymphostin B				
BGC0001007	lymphostin				
BGC0001007	neolymphostinol B				
BGC0001007	lymphostinol				
BGC0001007	neolymphostin b				
BGC0001008	maduropeptin				21805429
BGC0001009	melithiazol	23724543			
BGC0001010	Melithiazol A				
BGC0001011	meridamycin				
BGC0001012	meridamycin				
BGC0001013	meridamycin				
BGC0001014	micacocidin				
BGC0001015	microcystin	6437057			
BGC0001016	microcystin	445434			
BGC0001017	microcystin LR	445434	6925	444092	4941647
BGC0001018	micropeptin K139	101096212			
BGC0001019	Microsclerodermin M				
BGC0001020	muraymycin	10147829			
BGC0001021	mycobactin	5748534			
BGC0001022	myxalamid	5282085			
BGC0001023	Myxochromide S1				
BGC0001024	Myxothiazol				
BGC0001025	Myxovirescin A				
BGC0001026	NG-391				
BGC0001027	nocobactin NA				
BGC0001028	nostopeptolide A				
BGC0001029	Nostophycin				8899707
BGC0001030	ochratoxin A	442530			
BGC0001031	oocydin A				
BGC0001032	oocydin A				
BGC0001033	paenilamicin				
BGC0001034	Pellasoren				
BGC0001035	pneumocandin B0	5742645			
BGC0001035	pneumocandin A0	456419			
BGC0001036	polyoxypeptin				
BGC0001037	pseurotin	9845622			
BGC0001037	azaspirene				
BGC0001038	pyralomicin 1a	3072006			
BGC0001039	pyridomycin	3034101			
BGC0001040	rapamycin	5284616			
BGC0001041	salinosporamide	11695330			
BGC0001042	sanglifehrin A	5388925			
BGC0001043	SGR PTMs				
BGC0001044	sirodesmin	442874			
BGC0001045	Spiruchostatin A	60209141			
BGC0001046	Streptolydigin				
BGC0001047	syringolin A	24978526			
BGC0001048	tallysomycin A	430602			
BGC0001049	Tenellin				10207541
BGC0001050	Thalassospiramide A				17214520
BGC0001051	Thuggacin A				
BGC0001052	tirandamycin				
BGC0001053	tubulysin	12134544			
BGC0001054	Xenocoumacin 1	163752			
BGC0001054	Xenocoumacin II	129089			
BGC0001055	yersiniabactin	5462519			
BGC0001056	zeamine				
BGC0001056	zeamine I				
BGC0001056	zeamine II				
BGC0001056	Prezeamine				
BGC0001056	Prezeamine I				
BGC0001057	zearalenone	5281576			
BGC0001058	zorbamycin	70697970			
BGC0001059	zwittermycin A	44474866			
BGC0001060	dynemicin	6126060			
BGC0001061	Polyketomycin		66771		
BGC0001062	TLN-05220 				
BGC0001063	undecylprodigiosin	6438379			
BGC0001064	Cylindrocyclophane D				
BGC0001064	Cylindrocyclophane E				
BGC0001064	Cylindrocyclophane F				
BGC0001065	herboxidiene	6438496			
BGC0001066	Kendomycin				
BGC0001067	fumagillin	6917655			
BGC0001067	beta-trans-bergamotene	12300069			
BGC0001067	fumagillol	222778			
BGC0001068	pyripyropene A	54734280			
BGC0001069	Chivosazol				
BGC0001070	kirromycin	54697674			4883396
BGC0001071	nosperin				
BGC0001072	Simocyclinone D8	54736483		1235969	
BGC0001073	kosinostatin				
BGC0001074	cosmomycin D	125715			
BGC0001075	aurachin RE	25188767			
BGC0001076	Liposidomycin B	90658650			
BGC0001076	Liposidomycin A				
BGC0001076	Liposidomycin C				
BGC0001076	Liposidomycin Z				
BGC0001076	Liposidomycin H				
BGC0001076	Liposidomycin G				
BGC0001076	Liposidomycin L				
BGC0001076	Liposidomycin M				
BGC0001076	Liposidomycin K				
BGC0001076	Liposidomycin N				
BGC0001077	alkyl-O-Dihydrogeranyl-Methoxyhydroquinones				
BGC0001078	furaquinocin A	6439197			
BGC0001079	Napyradiomycin A80915C				
BGC0001080	Endophenazine A	10039975			
BGC0001080	Endophenazine B	90657423			
BGC0001081	lolitrem	11947793			
BGC0001082	paxilline	105008			
BGC0001082	paspaline	115028			
BGC0001082	13-desoxypaxilline	14166134			
BGC0001082	paspaline B	10342949			
BGC0001083	merochlorin A				
BGC0001083	merochlorin B				
BGC0001083	deschloro-merochlorin A				
BGC0001083	deschloro-merochlorin B				
BGC0001083	isochloro-merochlorin B				
BGC0001083	dichloro-merochlorin B				
BGC0001083	merochlorin D				
BGC0001083	merochlorin C				
BGC0001084	notoamide A				
BGC0001085	teleocidin B	72425			
BGC0001086	astaxanthin dideoxyglycoside				
BGC0001087	sioxanthin				
BGC0001088	albicidin				
BGC0001089	bacillaene	44227768			
BGC0001090	bacillomycin D	3086563			
BGC0001091	corallopyronin	54737730			
BGC0001092	diaphorin				
BGC0001093	disorazole	44566233			
BGC0001094	enacyloxin	6444164			
BGC0001095	fengycin	14197			
BGC0001096	FR901464	10553647			
BGC0001098	iturin	158570			
BGC0001099	Kalimantacin A	197707			
BGC0001100	lankacidin	6440871			
BGC0001101	leinamycin	9849230			
BGC0001102	Malleilactone				
BGC0001103	mycosubtilin	3083700			
BGC0001104	myxovirescin	6450484			
BGC0001105	Onnamide A	10373128			
BGC0001106	oxazolomycin	6438468			
BGC0001107	patellazole	44575891			
BGC0001108	pederin	5381287			
BGC0001108	pseudopederin	12314693			
BGC0001108	pederone	177799			
BGC0001109	pederin	5381287			
BGC0001110	psymberin	11456257			
BGC0001110	irciniastatin B				
BGC0001111	Rhizopodin				
BGC0001112	rhizoxin A	6437358			
BGC0001113	spliceostatin	16204481			
BGC0001113	FR901464	10553647			
BGC0001114	Thailanstatin A	71665768			
BGC0001115	thiomarinol	5825095			
BGC0001116	virginiamycin	122731			
BGC0001117	himastatin				
BGC0001118	endocrocin	160483			
BGC0001119	divergolide A				27026593
BGC0001119	divergolide B				27026594
BGC0001119	divergolide C				27026602
BGC0001119	divergolide D				27026603
BGC0001120	burkholderic acid				28536046
BGC0001121	orsellinic acid	68072			61385
BGC0001122	dihydroisoflavipucine				
BGC0001122	isoflavipucine				
BGC0001123	aspirochlorine	44559211			23326711
BGC0001124	pyranonigrin E				
BGC0001125	puwainaphycin A	72193951			
BGC0001125	puwainaphycin B	72193952			
BGC0001125	puwainaphycin C	72193953			
BGC0001125	puwainaphycin D	72193954			
BGC0001126	3-(Z-2'-isocyanoethenyl)-indole				
BGC0001126	hapalindole U				
BGC0001126	ambiguine A isonitrile				10249743
BGC0001126	ambiguine B isonitrile	21610113			
BGC0001126	ambiguine C isonitrile	21610114			
BGC0001126	ambiguine D isonitrile	21610115			
BGC0001126	ambiguine E isonitrile	21610116			
BGC0001126	ambiguine K isonitrile	44139368			
BGC0001126	ambiguine L isonitrile	44139241			
BGC0001126	ambiguine I isonitrile		65401		
BGC0001126	ambiguine J isonitrile				
BGC0001127	jagaricin				
BGC0001128	luminmide				
BGC0001129	Xenolindicin A				
BGC0001130	Fabclavine Ia				
BGC0001131	Ambactin				
BGC0001132	Xenotetrapeptide				
BGC0001133	Taxlllaid				
BGC0001134	Photopyrone A	71576814			
BGC0001134	Photopyrone B	71576815			
BGC0001134	Photopyrone C				
BGC0001134	Photopyrone D	71576813			
BGC0001134	Photopyrone E				
BGC0001134	Photopyrone F				
BGC0001134	Photopyrone G				
BGC0001134	Photopyrone H				
BGC0001135	Bicornutin A1				
BGC0001135	Bicornutin A2				
BGC0001136	desmethylbassianin				
BGC0001137	marinacarboline a				
BGC0001137	marinacarboline b				
BGC0001137	marinacarboline c				
BGC0001137	marinacarboline d				
BGC0001138	a201a				
BGC0001140	platensimycin	6857724			
BGC0001140	Platencin	44450228			
BGC0001141	brefeldin A	5287620			
BGC0001142	tryptoquialanine				
BGC0001143	azanigerone				
BGC0001144	neosartoricin				
BGC0001145	cyclothiazomycin B	56682060			
BGC0001146	cyclothiazomycin C				
BGC0001147	disgocidine				133391
BGC0001147	distamycin	3115			3003
BGC0001147	congocidine	4461			4306
BGC0001148	pheganomycin				
BGC0001149	brabantamide A				8274723
BGC0001150	pamamycin	10100233			
BGC0001151	valclavam	126919			
BGC0001151	2-hydroxyethylclavam	133204			
BGC0001152	fusaricidin B				8923602
BGC0001153	polymyxin B	9833652			
BGC0001154	cacibiocin B				
BGC0001155	GE2270	16130335			
BGC0001156	Platencin	44450228			
BGC0001157	Bottromycin A2	3081434			26365309
BGC0001158	bikaverin	5281730			
BGC0001159	marinopyrrole A				
BGC0001159	marynopyrrole E				
BGC0001159	marynopyrrole D				
BGC0001159	marynopyrrole C				
BGC0001159	marinopyrrole B				
BGC0001160	1-nonadecene	29075			
BGC0001160	(14Z)-1,14-Nonadecadiene				28184646
BGC0001161	1-heptadecene	23217			
BGC0001162	1-heptadecene	23217			
BGC0001163	1-heptadecene	23217			
BGC0001164	1-heptadecene	23217			
BGC0001165	Curacin A	6438908	3961	89138	4445239
BGC0001166	HC-toxin	107864			
BGC0001167	Piricyclamide				
BGC0001168	Livipeptin				
BGC0001169	piericidin A1	6437838			
BGC0001170	Clostridiolysin S				
BGC0001171	Listeriolysin S				
BGC0001172	Chlorizidine A				
BGC0001173	plantazolicin				28419936
BGC0001174	corynazolicin				
BGC0001176	Streptomonomicin				
BGC0001177	Mensacaricin	403671			
BGC0001178	UK-68,597				
BGC0001179	Rishirilide B 				
BGC0001179	Rishirilide A				
BGC0001180	isopropylstilbene	6439522			
BGC0001180	2,5-dialkylresorcinols				
BGC0001181	geosmin				
BGC0001182	chaetoglobosins				
BGC0001183	lobophorin				
BGC0001184	bacilysin	160175			
BGC0001185	bacillibactin	125349			
BGC0001186	misakinolide				
BGC0001187	xenolozoyenone				
BGC0001188	legonaridin				
BGC0001189	taiwachelin				
BGC0001190	fusaric acid	3442			
BGC0001191	A-102395				
BGC0001192	colistin A	202195			
BGC0001192	colistin B	25138298			
BGC0001193	thiolutin	6870			
BGC0001194	hitachimycin	6436205			
BGC0001195	nocardiopsin				
BGC0001196	desotamide				
BGC0001197	frankiamicin				
BGC0001198	(+)-O-methylkolavelool				
BGC0001199	akaeolide				
BGC0001200	lorneic acid A	44605341			
BGC0001201	(+)-eremophilene	288227			
BGC0001202	landepoxcin				
BGC0001203	clarexpoxcin				
BGC0001204	versipelostatin	73348086			
BGC0001205	communesin A	56930994			
BGC0001205	communesin B	44575539			
BGC0001205	communesin C	44575538			
BGC0001205	communesin D communesin E	44575540			
BGC0001205	communesin G	24741372			
BGC0001205	communesin H	11476943			
BGC0001206	indolmycin	3082186			
BGC0001207	teixobactin	86341926			
BGC0001208	poaeamide A				
BGC0001209	streptide	91666311			
BGC0001210	pseudomycoicidin				
BGC0001211	albachelin				
BGC0001212	nannocystin a				
BGC0001213	nataxazole				
BGC0001214	marformycins				
BGC0001215	conglobatin				
BGC0001216	splenocin				
BGC0001217	PreQ0 Base				
BGC0001218	fumosorinone				
BGC0001219	shanorellin	89778			
BGC0001220	aculeacin A				
BGC0001221	marinophenazine A				
BGC0001221	marinophenazine B				
BGC0001222	acidocin B				
BGC0001223	hydroxysporine				
BGC0001224	reductasporine				
BGC0001225	celesticetin	20054860			
BGC0001226	streptocollin				
BGC0001227	isorenieratene				
BGC0001228	Retimycin A				
BGC0001229	SBI-06990 A1				
BGC0001229	SBI-06989 A2				
BGC0001230	Salinamide A				8828951
BGC0001230	Salinamide B				10474924
BGC0001230	Salinamide C				29212819
BGC0001230	Salinamide D				8781394
BGC0001230	Salinamide E				29212820
BGC0001230	Salinamide F				
BGC0001230	Desmethylsalinamide C				
BGC0001230	Desmethylsalinamide E				
BGC0001231	Microsclerodermin				
BGC0001232	leucanicidin				
BGC0001233	feglymycin				
BGC0001234	4,4'-piperazine-2,5-diyldimethyl-bis-phenol				
BGC0001235	antalid				
BGC0001236	thiotetroamide				
BGC0001237	thiolactomycin				
BGC0001238	biotin	171548			
BGC0001239	biotin	171548			
BGC0001240	serinocyclin A	24762344			
BGC0001240	serinocyclin B				
BGC0001241	ergotamine	8223			
BGC0001242	fusarubin	73421			
BGC0001243	botryenalol	15786208			
BGC0001243	botrydial	185781			
BGC0001243	dihydrobotrydial	14157997			
BGC0001243	botryendial	10803586			
BGC0001243	beta-O-Methyl-dihydrobotrydialone	101917952			
BGC0001243	botcinic acid	11509607			
BGC0001243	botcinin A	11654791			
BGC0001244	(-)-Mellein	114679			
BGC0001245	lasiodiplodin	14562696			
BGC0001246	trans-resorcylide				
BGC0001247	cercosporin	90471707			
BGC0001248	clavaric acid	6918349			
BGC0001249	dimethylcoprogen	6450064			
BGC0001250	epichloenin A				
BGC0001251	epichloenin A				
BGC0001252	ACR-toxin				
BGC0001253	ACT-Toxin I				
BGC0001254	ACT-Toxin II				
BGC0001255	equisetin	54684703			
BGC0001256	atromentin	99148			
BGC0001257	1,3,6,8-tetrahydroxynaphthalene	440202			
BGC0001258	1,8-dihydroxynaphthalene	68438			
BGC0001259	elsinochrome A	101523			
BGC0001260	terpendole E	10094631			
BGC0001261	AM-toxin	174610			
BGC0001262	AK-toxin	46173828			
BGC0001263	ergometrine	443884			
BGC0001264	betaenone A	5478031			
BGC0001264	betaenone B	158750			
BGC0001264	betaenone C	71308160			
BGC0001265	melanin	6325610			
BGC0001266	grayanic acid				
BGC0001267	lysergic acid	6717			
BGC0001267	elymoclavine	440904			
BGC0001268	fusarin	15942871			
BGC0001269	gibberellin A3	6466			
BGC0001269	gibberellin A1	5280379			
BGC0001269	gibberellin A7	92782			
BGC0001269	gibberellin A4	92109			
BGC0001269	gibberellin A9	443456			
BGC0001270	gibberellin A3				
BGC0001270	gibberellin A1				
BGC0001270	gibberellin A7				
BGC0001270	gibberellin A4				
BGC0001270	gibberellin A9				
BGC0001271	emericellin	5491812			
BGC0001272	elsinochrome B	495865			
BGC0001272	elsinochrome C	495866			
BGC0001273	asperlactone	156698			
BGC0001274	non-acetylated open-chain sophorolipid	9876967			
BGC0001274	diacetylated lactonic sophorolipid	72948270			
BGC0001275	6-methylsalicyclic acid	11279			
BGC0001276	6-methylsalicyclic acid	11279			
BGC0001277	nivalenol	5284433			
BGC0001277	deoxynivalenol	40024			
BGC0001277	3-acetyldeoxynivalenol	5458510			
BGC0001277	15-acetyldeoxynivalenol	3034750			
BGC0001277	neosolaniol	13818797			
BGC0001277	calonectrin	3035007			
BGC0001277	apotrichodiol	147061			
BGC0001277	isotrichotriol	76322783			
BGC0001277	15-decalonectrin	587712			
BGC0001277	T-2 Toxin	442400			
BGC0001277	3-acetyl T-2 toxin	76333597			
BGC0001277	trichodiene				
BGC0001278	nivalenol	5284433			
BGC0001278	deoxynivalenol	40024			
BGC0001278	3-acetyldeoxynivalenol	5458510			
BGC0001278	15-acetyldeoxynivalenol	3034750			
BGC0001278	neosolaniol	13818797			
BGC0001278	calonectrin	3035007			
BGC0001278	apotrichodiol	147061			
BGC0001278	isotrichotriol	76322783			
BGC0001278	15-decalonectrin	587712			
BGC0001278	T-2 Toxin	442400			
BGC0001278	3-acetyl T-2 toxin	76333597			
BGC0001278	trichodiene				
BGC0001279	deoxysambucinol	190753			
BGC0001279	sambucinol	356939			
BGC0001279	roridin E	44593339			
BGC0001280	betaenone C	71308160			
BGC0001280	betaenone A	5478031			
BGC0001281	ustilagic acid	52922086			
BGC0001282	lolitriol	72734303			
BGC0001283	Arsono-polyketide				
BGC0001284	alternariol				
BGC0001285	Pseudopyronine A				10480437
BGC0001285	Pseudopyronine B				10480436
BGC0001286	itaconic acid	811			
BGC0001287	chaxamycin A	53344650			
BGC0001287	chaxamycin B	53344651			
BGC0001287	chaxamycin C	53344652			
BGC0001287	chaxamycin D	53344649			
BGC0001288	maklamicin	101796870			
BGC0001289	penisin				
BGC0001290	emericellamide A	16216151			
BGC0001290	emericellamide B	16216152			
BGC0001291	enterocin NKR-5-3B				
BGC0001292	A33853	133379			
BGC0001293	cyclizidine	101788223			
BGC0001294	7-prenylisatin				
BGC0001295	cremeomycin	54704722			
BGC0001296	streptazone E				
BGC0001297	WS9326				
BGC0001298	4-Z-annimycin				
BGC0001299	chlorotonil	24742044			
BGC0001300	anthracimycin				
BGC0001301	anthracimycin				
BGC0001302	lomofungin	5351222			
BGC0001303	lobosamide				
BGC0001304	aflavarin	44584646			
BGC0001305	fujikurins				
BGC0001306	asperipin 2a				
BGC0001307	chaxapeptin				
BGC0001308	simocyclinone D9				
BGC0001308	simocyclinone D10				
BGC0001308	simocyclinone D11				
BGC0001309	usnic acid				
BGC0001310	naringenin	932			
BGC0001311	Flavecins				
BGC0001312	viscosin	72937			
BGC0001313	arabidiol-baruol				
BGC0001314	tirucalla	12302184			
BGC0001315	cucurbitacin				
BGC0001316	linamarin				
BGC0001316	lotaustralin				
BGC0001317	lupeol				
BGC0001318	linamarin				
BGC0001318	lotaustralin				
BGC0001319	alpha-tomatine				
BGC0001320	alpha-chaconine				
BGC0001320	alpha-solanine				
BGC0001321	monoterpenes-diterpenes				
BGC0001322	lycosantalonol	101900499			
BGC0001323	monoterpenes-diterpenes				
BGC0001324	monoterpenes-diterpenes				
BGC0001325	noscapine	275196			
BGC0001327	Rakicidin A				
BGC0001327	Rakicidin B				
BGC0001328	Rakicidin A				
BGC0001328	Rakicidin B				
BGC0001329	Rakicidin D				
BGC0001330	BE-43547A1	9959574			
BGC0001330	BE-43547A2				
BGC0001330	BE-43547B1				
BGC0001330	BE-43547B2				
BGC0001330	BE-43547B3				
BGC0001330	BE-43547C1				
BGC0001330	BE-43547C2				
BGC0001331	BE-43547A1				
BGC0001331	BE-43547A2				
BGC0001331	BE-43547B1				
BGC0001331	BE-43547B2				
BGC0001331	BE-43547B3				
BGC0001331	BE-43547C1				
BGC0001331	BE-43547C2				
BGC0001332	microtermolide A				
BGC0001333	BE-54017	66575233			
BGC0001334	cladoniamide A	25053147			
BGC0001334	cladoniamide B	25053151			
BGC0001334	cladoniamide C	25053148			
BGC0001334	cladoniamide D	25053152			
BGC0001334	cladoniamide E	25053149			
BGC0001334	cladoniamide F	25053218			
BGC0001334	cladoniamide G	25053150			
BGC0001335	borregomycin A				
BGC0001335	borregomycin B	102196434			
BGC0001335	borregomycin C	102196435			
BGC0001335	borregomycin D	102196436			
BGC0001336	erdasporine A				
BGC0001336	erdasporine B	102584106			
BGC0001336	erdasporine C	102584107			
BGC0001337	lazarimide A				
BGC0001337	lazarimide B				
BGC0001337	lazarimide C				
BGC0001338	Citrinin				10222475
BGC0001339	Squalestatin S1				4942838
BGC0001340	byssochlamic acid	164723		3039421	
BGC0001341	valinomycin	3000706			
BGC0001342	Cmc-thuggacin A	59317598			
BGC0001342	Cmc-thuggacin B	59317595			
BGC0001343	aurachin A	6439172			
BGC0001343	aurachin D	6124753			
BGC0001344	tubulysin A	12134544			
BGC0001344	tubulysin B	12134545			
BGC0001344	tubulysin C	11262920			
BGC0001344	tubulysin D	12134546			
BGC0001344	tubulysin E	12134547			
BGC0001344	tubulysin F	11285812			
BGC0001344	tubulysin G	101355563			
BGC0001344	tubulysin H	11411735			
BGC0001344	tubulysin I	11422937			
BGC0001345	myxochelin A	16093504			
BGC0001345	myxochelin B	10873133			
BGC0001346	Bananamide 1				
BGC0001346	Bananamide 2				
BGC0001346	Bananamide 3				
BGC0001347	Poaeamide B				
BGC0001348	JBIR-100	102518265			
BGC0001349	heronamide A	102257463			
BGC0001349	heronamide B	102257462			
BGC0001349	heronamide C	102257461			
BGC0001349	heronamide D	102362803			
BGC0001349	heronamide E	76332081			
BGC0001349	heronamide F	76332081			
BGC0001350	phormidolide	101209503			
BGC0001351	cahuitamycin A				
BGC0001351	cahuitamycin B				
BGC0001351	cahuitamycin C				
BGC0001352	Tu 3010				
BGC0001353	thiolactomycin				
BGC0001354	U-68204				
BGC0001355	U-68204				
BGC0001356	paeninodin				
BGC0001357	carbamidocyclophane A	16215902			
BGC0001357	carbamidocyclophane B	16215903			
BGC0001357	carbamidocyclophane C	16216030			
BGC0001357	carbamidocyclophane D	16216031			
BGC0001357	carbamidocyclophane E	16216032			
BGC0001357	carbamidocyclophane F	102126547			
BGC0001357	carbamidocyclophane H				
BGC0001357	carbamidocyclophane M				
BGC0001357	carbamidocyclophane N				
BGC0001357	carbamidocyclophane O				
BGC0001357	carbamidocyclophane P				
BGC0001357	carbamidocyclophane Q				
BGC0001357	carbamidocyclophane R				
BGC0001357	carbamidocyclophane S				
BGC0001357	carbamidocyclophane T				
BGC0001357	carbamidocyclophane U				
BGC0001358	leucinostatin A	5477807			
BGC0001358	leucinostatin B	6440573			
BGC0001359	PM100117				
BGC0001359	PM100118				
BGC0001360	mycophenolic acid				
BGC0001361	sodorifen	46187193			
BGC0001362	tropodithietic acid	44632924			
BGC0001363	ralsolamycin				
BGC0001364	cinnamycin B				
BGC0001365	clapurines				
BGC0001366	BE-24566B	9868865			
BGC0001366	zunyimycin A				
BGC0001367	haliamide				
BGC0001368	tambromycin				
BGC0001369	metatricycloene				
BGC0001370	lipopeptide 8D1-1				
BGC0001370	lipopeptide 8D1-2				
BGC0001371	echinocandin B	9898144			
BGC0001372	penigequinolone				
BGC0001373	sordarin	485851			
BGC0001374	thienodolin	442119			
BGC0001375	penitrem A	6610243			
BGC0001375	penitrem B	3084087			
BGC0001375	penitrem C	76316105			
BGC0001375	penitrem D	3035208			
BGC0001375	penitrem E	3086087			
BGC0001375	penitrem F	3086086			
BGC0001376	hexaricin A				
BGC0001376	hexaricin B				
BGC0001376	hexaricin C				
BGC0001377	uncialamycin	16744765			
BGC0001378	tiancimycin				
BGC0001379	BD-12				
BGC0001380	salecan				
BGC0001381	brasilinolide A	6438451			
BGC0001381	brasilinolide B	70678686			
BGC0001381	brasilinolide C				
BGC0001382	svaricin				
BGC0001383	macrolactin 1a	6451096			
BGC0001383	macrolactin 1b	76309372			
BGC0001383	macrolactin 1c	23426102			
BGC0001383	macrolactin 3a	11003906			
BGC0001384	saprolmycin E	102200780			
BGC0001385	byssochlamic acid	164723			
BGC0001385	agnestadrides				
BGC0001386	JBIR-76				
BGC0001386	JBIR-77				
BGC0001387	nucleocidin	72299			
BGC0001388	gassericin E				
BGC0001389	cichopeptin				
BGC0001390	LL-Z1272beta	10405997			
BGC0001391	thusin				
BGC0001392	pinensins				
BGC0001393	lugdunin				57427231
BGC0001394	phenalamide				
BGC0001395	teichomycin	16131923			
BGC0001396	aldgamycin J				
BGC0001396	aldgamycin K				
BGC0001396	aldgamycin P				
BGC0001396	aldgamycin E	102425548			
BGC0001397	lidamycin				
BGC0001398	phomopsin A	6438581			
BGC0001398	phomopsin B	23643564			
BGC0001398	phomopsin E				
BGC0001399	fellutamide B	9829143			
BGC0001400	citreoviridin	6436023			
BGC0001401	melleolide F				35013816
BGC0001401	6'-Chloromelleolide F				
BGC0001401	6'-Bromomelleolide F				
BGC0001402	cyclochlorotine	57134655			
BGC0001402	Hydroxy-cyclochlorotine				
BGC0001402	Cyclotine				
BGC0001402	Cyclochlorotine B				
BGC0001402	Deoxy-Cyclochlorotine				
BGC0001403	trypacidin	3035292			
BGC0001404	sorbicillin				
BGC0001405	chaetoviridin	23641105			
BGC0001405	chaetomugilin	24857881			
BGC0001406	telomycin	105539882			
BGC0001407	bicereucin				
BGC0001408	xanthoferrin				
BGC0001409	dutomycin				
BGC0001410	polysaccharide A				
BGC0001411	polysaccharide B				
BGC0001412	polysaccharide C				
BGC0001413	cystobactamide				
BGC0001414	griselimycin				
BGC0001415	althiomycin				
BGC0001416	nunapeptin				
BGC0001416	nunamycin				
BGC0001417	Myxochromide D				
BGC0001418	Myxochromide D				
BGC0001419	Myxochromide D				
BGC0001420	Myxochromide D				
BGC0001421	Myxochromide B				
BGC0001422	Myxochromide A				
BGC0001423	Myxochromide C				
BGC0001424	Myxochromide C				
BGC0001425	Myxochromide A				
BGC0001426	Myxochromide A				
BGC0001427	Myxochromide A				
BGC0001428	Myxochromide A				
BGC0001429	Myxochromide S				
BGC0001430	Myxochromide S				
BGC0001431	Myxochromide S				
BGC0001432	Myxochromide D				
BGC0001433	argimycin PI				
BGC0001433	Argimycin PII				
BGC0001433	Argimycin PIII				
BGC0001433	Argimycin PIV				
BGC0001433	Argimycin PV				
BGC0001433	Argimycin PVI				
BGC0001433	Argimycin PIX				
BGC0001434	nematophin				
BGC0001435	ikarugamycin	101647494			
BGC0001436	cornexistin				
BGC0001437	Obafluorin	146354			
BGC0001438	Warkmycin CS1				
BGC0001438	Warkmycin CS2				
BGC0001439	antibiotic HKI 10311129 				
BGC0001439	antibiotic A2121-1 				
BGC0001439	cervimycin D 				
BGC0001439	cervimycin C 				
BGC0001439	cervimycin A 				
BGC0001440	cystargolide A	122204527			
BGC0001440	cystargolide B	122204528			
BGC0001441	belactosin A	25053219			
BGC0001441	belactosin C	10666031			
BGC0001442	actinonin	443600			
BGC0001443	Matlystatin A	10054339			
BGC0001444	caboxamycin				
BGC0001445	Leporin B				
BGC0001446	asparasone A	10808295			
BGC0001447	primycin				
BGC0001448	Malacidin A		140173		
BGC0001448	Malacidin B		140174		
BGC0001449	ucs1025a	11710200			
BGC0001450	macrophorin A	14526957			
BGC0001450	4'-oxomacrophorin A				
BGC0001450	4'-oxomacrophorin D				9180817
BGC0001450	4'-oxomacrophorin E				
BGC0001451	FR900359				
BGC0001452	Sipanmycin				
BGC0001453	desferrioxamine				
BGC0001454	germicidin				
BGC0001455	antimycin				
BGC0001456	isorenieratene				
BGC0001457	jomthonic acids				
BGC0001458	salinipostin				
BGC0001459	decaplanin	195570			
BGC0001460	decaplanin	195570			
BGC0001461	Nogabecin				
BGC0001462	avoparcin	16132294			
BGC0001463	2,3,4,5-tetrabromopyrrole				3797328
BGC0001464	tetrabromopyrrole				
BGC0001465	bromopyrroles/bromophenols				
BGC0001466	Wortmanamide				
BGC0001467	Hapalosin	133055			117421
BGC0001468	Bicyclomycin	70685091			
BGC0001469	marthiapeptide A	71459810			
BGC0001470	macrobrevin				
BGC0001471	saalfelduracin				
BGC0001472	berninamycin				
BGC0001473	Sch 18640				
BGC0001474	thiopeptin				
BGC0001475	aspterric acid				
BGC0001476	pseudouridimycin				59651398
BGC0001477	lydicamycin				4943765
BGC0001478	desferrioxamine E	161532			
BGC0001479	anabaenopeptin NZ 857	133562467			
BGC0001479	nostamide A				
BGC0001480	Tundrenone				
BGC0001481	alpha-acorenol				
BGC0001483	terfestatin				
BGC0001484	2'-chloropentostatin				
BGC0001484	2'-amino-2'-deoxyadenosine				
BGC0001485	3-demethylchuangxinmycin				
BGC0001486	3-thiaglutamate				
BGC0001487	3,7-dihydroxytropolone				
BGC0001488	4-formylaminooxyvinylglycine				
BGC0001489	6-hydroxymellein				
BGC0001490	6,6'-oxybis(2,4-dibromophenol)				
BGC0001491	67-121C				
BGC0001492	abyssomicins M-X				
BGC0001493	achromosin				
BGC0001494	acinetodin				
BGC0001495	actinoallolide A				
BGC0001496	actinokineosin				
BGC0001497	actinonin				
BGC0001498	aerobactin				
BGC0001499	aerobactin				
BGC0001500	allocyclinone				
BGC0001501	ambiguine				
BGC0001502	amonabactin				
BGC0001503	amycolamycin A				
BGC0001503	amycolamycin B				
BGC0001504	amycomicin				
BGC0001505	anacyclamide D8P				
BGC0001506	anantin B1				
BGC0001506	anantin B2				
BGC0001507	anantin C				
BGC0001508	andrastin A				
BGC0001509	anikasin				
BGC0001510	anisomycin				
BGC0001511	ansamitocin P-3				
BGC0001512	anthrabenzoxocinone				
BGC0001513	anthrabenzoxocinone				
BGC0001514	aristeromycin				
BGC0001515	aspercryptins				
BGC0001516	aspergillic acid				
BGC0001517	asperphenamate				
BGC0001518	astellolide				
BGC0001519	aurantimycin				
BGC0001520	aurantinins B-D				
BGC0001521	auriculamide				
BGC0001522	auroramycin				
BGC0001523	azalomycin F				
BGC0001524	barnesin A				
BGC0001525	bartoloside 2				
BGC0001525	bartoloside 3				
BGC0001525	bartoloside 4				
BGC0001526	bartolosides E				
BGC0001526	bartolosides F				
BGC0001526	bartolosides G				
BGC0001526	bartolosides H				
BGC0001526	bartolosides I				
BGC0001526	bartolosides J				
BGC0001526	bartolosides K				
BGC0001527	basidioferrin				
BGC0001528	betaestacin				
BGC0001529	bezastatin derivates 				
BGC0001530	bicyclomycin				
BGC0001531	bisucaberin B				
BGC0001532	bogorol				
BGC0001533	borrelidin				
BGC0001534	branched-chain fatty acids				
BGC0001535	branched-chain fatty acids				
BGC0001536	brevicidine				
BGC0001537	butyrolactol A				
BGC0001538	caboxamycin				
BGC0001539	cattlecin				
BGC0001540	CC-1065				
BGC0001541	cercosporin				
BGC0001542	cercosporin				
BGC0001543	chejuenolide A				
BGC0001543	chejuenolide B				
BGC0001544	chlorflavonin				
BGC0001545	chrysogine				
BGC0001546	chuangxinmycin				
BGC0001547	citreohybridonol				
BGC0001548	citrulassin A				
BGC0001549	citrulassin B				
BGC0001550	citrulassin D				
BGC0001551	citrulassin E				
BGC0001552	citrulassin F				
BGC0001553	clifednamide				
BGC0001554	coenzyme F430				
BGC0001555	colicin V				
BGC0001556	combamide				
BGC0001557	cornexistin				
BGC0001558	cosmomycin C				
BGC0001558	cosmomycin D				
BGC0001559	crocagin A				
BGC0001559	crocagin B				
BGC0001560	cryptomaldamide				
BGC0001561	curacomycin				
BGC0001562	curacomycin				
BGC0001563	curvupallides				
BGC0001564	cusperin				
BGC0001565	cyclosporin C				
BGC0001566	cylindrocyclophane				
BGC0001567	cysteoamide				
BGC0001568	cytorhodin				
BGC0001569	dechlorocuracomycin				
BGC0001570	deimino-antipain				
BGC0001571	demethoxyviridin				
BGC0001572	desferrioxamine E				
BGC0001573	dihydrolysergic acid				
BGC0001574	diisonitrile antibiotic SF2768				
BGC0001575	dipeptide aldehydes				
BGC0001576	divamide A				
BGC0001577	divamide B				
BGC0001578	duclauxin				
BGC0001579	duramycin				
BGC0001580	ebelactone				
BGC0001581	ECO-02301				
BGC0001582	ecumicin				
BGC0001583	emodin				
BGC0001584	C-1027				
BGC0001585	melinacidin IV				
BGC0001586	EPS273				
BGC0001587	ethylenediaminesuccinic acid hydroxyarginine (EDHA)				
BGC0001588	exopolysaccharides				
BGC0001589	exopolysaccharides				
BGC0001590	formicamycins A-M				
BGC0001591	fatty acid enol ester				
BGC0001592	ferroverdin				
BGC0001593	ficellomycin				
BGC0001594	fischerindole				
BGC0001595	fischerindole				
BGC0001596	fluostatins M-Q				
BGC0001597	fluvirucin b2				
BGC0001598	foxicins A-D				
BGC0001599	fragin				
BGC0001600	fusarielin H				
BGC0001601	gassericin-S				
BGC0001602	gassericin-T				
BGC0001603	gentamicin				
BGC0001604	gibberellin				
BGC0001605	gibberellin				
BGC0001606	gibepyrone A				
BGC0001607	gilvusmycin				
BGC0001608	glidopeptin				
BGC0001609	gliovirin				
BGC0001610	gougerotin				
BGC0001611	guangnanmycin				
BGC0001612	hapalindole				
BGC0001612	ambiguine				
BGC0001613	harzianum B				
BGC0001614	hassallidin E				
BGC0001615	hexose-palythine-serine				
BGC0001615	hexose-shinorine				
BGC0001616	himeic acid A				
BGC0001617	hirsutene				
BGC0001618	hyicin 3682				
BGC0001619	ibomycin				
BGC0001620	ilamycins				
BGC0001621	imizoquins				
BGC0001622	isatropolone A				
BGC0001622	isotropolone B				
BGC0001622	isotropolone C				
BGC0001623	ishigamide				
BGC0001624	iso-A82775C				
BGC0001625	isofuranonaphthoquinone				
BGC0001626	isoindolinone				
BGC0001627	isonitrile lipopeptides				
BGC0001628	JBIR-78				
BGC0001628	JBIR-95				
BGC0001629	jessenipeptin				
BGC0001630	kasumigamide				
BGC0001631	kasumigamide				
BGC0001632	kawaguchipeptin A				
BGC0001633	ketomemicin B3				
BGC0001633	ketomemicin B4				
BGC0001634	keywimysin				
BGC0001635	kistamicin A				
BGC0001636	KK-1				
BGC0001637	kleboxymycin				
BGC0001638	klebsazolicin				
BGC0001639	klebsidin 				
BGC0001640	kocurin				
BGC0001641	kolossin				
BGC0001642	koraiol				
BGC0001643	lactomycins A-C				
BGC0001644	lacunalides				
BGC0001645	lagmysin				
BGC0001646	lagriamide				
BGC0001647	lagunapyrone A				
BGC0001647	lagunapyrone B				
BGC0001647	lagunapyrone C				
BGC0001648	lasalocid				
BGC0001649	lavendiol				
BGC0001650	Le-pyrrolopyrazines				
BGC0001651	legionaminic acid				
BGC0001652	limazepine C				
BGC0001652	limazepine D				
BGC0001652	limazepine E				
BGC0001652	limazepine F				
BGC0001652	limazepine A				
BGC0001653	linfuranone B				
BGC0001653	linfuranone C				
BGC0001654	lipooligosaccharide				
BGC0001655	LP2006				
BGC0001656	luminaolide				
BGC0001657	lysocin				
BGC0001658	macrotermycins				
BGC0001659	mangicol				
BGC0001660	mathermycin				
BGC0001661	mayamycin B				
BGC0001662	mediomycin A				
BGC0001663	merocyclophane C				
BGC0001663	merocyclophane D				
BGC0001664	merosterol				
BGC0001665	methylated alkyl-resorcinol				
BGC0001665	methylated acyl-phloroglucinol				
BGC0001666	microansamycin				
BGC0001667	microcystin-LR				
BGC0001667	microcystin-FR				
BGC0001667	microcystin-LA				
BGC0001667	microcystin-LAba				
BGC0001667	microcystin-LM				
BGC0001667	microcystin-LV				
BGC0001667	microcystin-LL				
BGC0001668	microperfuranone				
BGC0001669	microvionin				
BGC0001670	monensin				
BGC0001671	monobactam				
BGC0001672	monobactam				
BGC0001673	moomysin				
BGC0001674	MS-271				
BGC0001675	murayaquinone				
BGC0001676	mycemycin A				
BGC0001676	mycemycin B				
BGC0001676	mycemycin C				
BGC0001676	mycemycin D				
BGC0001676	mycemycin E				
BGC0001677	mycophenolic acid				
BGC0001678	mycosporine-like amino acids (MAAs)				
BGC0001679	N-acetyltryptophan				
BGC0001680	N-acyl alanine				
BGC0001681	N-acyl glycine				
BGC0001682	N-acyl lysine/ornithine				
BGC0001683	N-acyl serinol				
BGC0001684	N-acyloxyacyl glutamine				
BGC0001685	N-acyloxyacyl lysine				
BGC0001686	N-octanoyl-Met-Phe-H				
BGC0001687	N-tetradecanoyl tyrosine				
BGC0001688	N-tetradecanoyl tyrosine				
BGC0001689	naphthgeranine A				
BGC0001690	natamycin				
BGC0001691	nectrisine				
BGC0001692	nematophin				
BGC0001693	nenestatin				
BGC0001694	meoabyssomicin				
BGC0001694	abyssomicin				
BGC0001695	neoantimycin				
BGC0001696	neothioviridamide				
BGC0001697	neurosporin A				
BGC0001698	nevaltophins				
BGC0001699	nidulanin A				
BGC0001700	niphimycins C-E				
BGC0001701	nisin O				
BGC0001702	nocamycin				
BGC0001703	nocuolin A				
BGC0001704	nocuolin A				
BGC0001705	nodularin				
BGC0001706	nodulisporic acid F				
BGC0001707	nosiheptide				
BGC0001708	novofumigatonin				
BGC0001709	nystatin				
BGC0001710	obafluorin				
BGC0001711	occidiofungin				
BGC0001712	ochrindol				
BGC0001713	ochrobactin				
BGC0001714	octacosamicin				
BGC0001715	octapeptin C4				
BGC0001716	odilorhabdins				
BGC0001717	okaramine B				
BGC0001718	okaramine B				
BGC0001718	okaramine D				
BGC0001719	olimycin A				
BGC0001719	olimycin B				
BGC0001720	oosporein				
BGC0001721	ornibactin				
BGC0001722	orsellinaldehydes				
BGC0001723	oviedomycin				
BGC0001724	oxaleimide C				
BGC0001725	oxetanocin A				
BGC0001726	pactamides				
BGC0001727	paenilan				
BGC0001728	paenilipoheptin				
BGC0001729	paraherquonin				
BGC0001730	paramagnetoquinone 1				
BGC0001730	paramagnetoquinone 2				
BGC0001731	paulomycin				
BGC0001732	paulomycin				
BGC0001733	PcpA				
BGC0001734	penilumamide				
BGC0001735	pentostatine				
BGC0001735	vidarabine				
BGC0001736	pepteridine A				
BGC0001736	pepteridine B				
BGC0001737	phenalamide				
BGC0001738	phomasetin				
BGC0001739	phosphonoacetic Acid				
BGC0001740	phthoxazolin				
BGC0001741	phyllostictine A				
BGC0001741	phyllostictine B				
BGC0001742	piericidin A1				
BGC0001743	plantaricyclin				
BGC0001745	PlpA1				
BGC0001745	PlpA2				
BGC0001745	PlpA3				
BGC0001746	pristinol				
BGC0001747	pseudaminic acid				
BGC0001748	pseudospumigin A				
BGC0001748	pseudospumigin B				
BGC0001748	pseudospumigin C				
BGC0001748	pseudospumigin D				
BGC0001748	pseudospumigin E				
BGC0001748	pseudospumigin F				
BGC0001749	pyriculol				
BGC0001750	pyrronazol B				
BGC0001751	pyxipyrrolone A				
BGC0001751	pyxipyrrolone B				
BGC0001752	qinichelins				
BGC0001753	radamycin				
BGC0001753	globimycin				
BGC0001754	ralsolamycin				
BGC0001755	reedsmycins				
BGC0001756	retigeranin				
BGC0001756	arathanatriene				
BGC0001757	rhabduscin				
BGC0001758	rhizomide A				
BGC0001758	rhizomide B				
BGC0001758	rhizomide C				
BGC0001759	rifamorpholines				
BGC0001760	rimosamide				
BGC0001761	ripostatin A				
BGC0001761	ripostatin B				
BGC0001761	ripostatin C				
BGC0001762	rubrolone A				
BGC0001762	rubrolone B				
BGC0001763	rufomycin				
BGC0001764	s56-p1				
BGC0001765	salecan				
BGC0001766	salinamide A				
BGC0001767	salinichelins				
BGC0001768	sansalvamide				
BGC0001769	saquayamycin				
BGC0001770	sceliphrolactam				
BGC0001771	scleric acid				
BGC0001772	scytophycin				
BGC0001773	selvamicin				
BGC0001774	septacidin				
BGC0001775	sespendole				
BGC0001776	shearinine D				
BGC0001777	shearinine D				
BGC0001778	showdomycin				
BGC0001779	siamycin				
BGC0001780	siphonazole				
BGC0001781	sphaericin				
BGC0001782	spiroindimicins				
BGC0001782	indimicins				
BGC0001782	lynamicins				
BGC0001783	streptonigrin				
BGC0001784	streptoseomycin				
BGC0001785	streptovaricin				
BGC0001786	subterisin				
BGC0001787	suicin 3908				
BGC0001788	suicin 65				
BGC0001789	suicin 90-1330				
BGC0001790	sulfazecin				
BGC0001791	sunshinamide				
BGC0001792	surugamide A				
BGC0001792	surugamide D				
BGC0001793	swainsonine				
BGC0001794	swainsonine				
BGC0001795	swinholide A				
BGC0001796	tauramamide				
BGC0001797	telomestatin				
BGC0001798	tetrapetalone A				
BGC0001798	tetrapetalone B				
BGC0001798	tetrapetalone C				
BGC0001798	tetrapetalone D				
BGC0001799	thebaine				
BGC0001800	theonellamide				
BGC0001801	thiazostatin				
BGC0001801	watasemycin A				
BGC0001801	watasemycin B				
BGC0001801	2-hydroxyphenylthiazoline enantiopyochelin				
BGC0001801	isopyochelin				
BGC0001802	thioholgamide A				
BGC0001802	thioholgamide B				
BGC0001803	thioviridamide				
BGC0001804	tiancimycin				
BGC0001805	tilivalline				
BGC0001806	tolaasin				
BGC0001807	totopensamide				
BGC0001808	toyocamycin				
BGC0001809	trans-aconitic acid				
BGC0001810	trehangelin				
BGC0001811	trichodiene-11-one				
BGC0001812	tylactone				
BGC0001813	tyrobetaine				
BGC0001814	ulleungmycin				
BGC0001815	uncialamycin				
BGC0001816	valactamide A				
BGC0001817	vancosamine				
BGC0001818	vazabitide A				
BGC0001819	venemycin				
BGC0001820	verticillin				
BGC0001821	verticillins				
BGC0001822	vioprolide				
BGC0001823	weishanmycin				
BGC0001824	xefoampeptides A-G				
BGC0001825	xenematides				
BGC0001826	xeneprotides A-C				
BGC0001827	xenovulene				
BGC0001828	zincophorin				
BGC0001829	alpha,beta-epoxyketone				
BGC0001830	rosamicin				
BGC0001830	salinipyrone A				
BGC0001830	pacificanone A				
